listing_id,brand,model,reference,price_aed,condition,year,seller_type,location,scraped_date,source
C24-UAE-1000,Cartier,Santos,REF-23434,4900.0,Good,1995,Dealer,Dubai,2025-06-18,"Chrono24 UAE (simulated — site uses JS rendering, data schema mirrors live listings)"
C24-UAE-1001,Panerai,Radiomir,REF-13478,15900.0,Unworn,1996,Dealer,Abu Dhabi,2025-06-18,"Chrono24 UAE (simulated — site uses JS rendering, data schema mirrors live listings)"
C24-UAE-1002,Vacheron Constantin,Traditionnelle,REF-10851,74500.0,Very Good,2017,Dealer,Abu Dhabi,2025-06-18,"Chrono24 UAE (simulated — site uses JS rendering, data schema mirrors live listings)"
C24-UAE-1003,Vacheron Constantin,Patrimony,REF-23396,80500.0,Like New,2005,Dealer,Dubai,2025-06-18,"Chrono24 UAE (simulated — site uses JS rendering, data schema mirrors live listings)"
C24-UAE-1004,IWC,Portugieser Chronograph,REF-70217,19000.0,Good,2006,Dealer,Dubai,2025-06-18,"Chrono24 UAE (simulated — site uses JS rendering, data schema mirrors live listings)"
C24-UAE-1005,Seiko,Presage,REF-57400,2300.0,Very Good,1997,Private Seller,Abu Dhabi,2025-06-18,"Chrono24 UAE (simulated — site uses JS rendering, data schema mirrors live listings)"
C24-UAE-1006,VACHERON CONSTANTIN,Overseas,REF-40512,74100.0,Good,1996,Private Seller,Dubai,2025-06-18,"Chrono24 UAE (simulated — site uses JS rendering, data schema mirrors live listings)"
C24-UAE-1007,IWC,Pilot Mark XVIII,REF-37460,13100.0,Very Good,2009,Dealer,Sharjah,2025-06-18,"Chrono24 UAE (simulated — site uses JS rendering, data schema mirrors live listings)"
C24-UAE-1008,Vacheron Constantin,Traditionnelle,REF-42087,72400.0,Unworn,2015,Dealer,Abu Dhabi,2025-06-18,"Chrono24 UAE (simulated — site uses JS rendering, data schema mirrors live listings)"
C24-UAE-1009,Breitling,Superocean,REF-99733,7700.0,Fair,2003,Dealer,Sharjah,2025-06-18,"Chrono24 UAE (simulated — site uses JS rendering, data schema mirrors live listings)"
C24-UAE-1010,Tudor,Black Bay 58,REF-18675,,Good,2002,Private Seller,Abu Dhabi,2025-06-18,"Chrono24 UAE (simulated — site uses JS rendering, data schema mirrors live listings)"
C24-UAE-1011,Seiko,Astron,REF-94259,2900.0,Good,2023,Dealer,Ajman,2025-06-18,"Chrono24 UAE (simulated — site uses JS rendering, data schema mirrors live listings)"
C24-UAE-1012,Patek Philippe,Calatrava,REF-86622,149300.0,Like New,1999,Dealer,Ajman,2025-06-18,"Chrono24 UAE (simulated — site uses JS rendering, data schema mirrors live listings)"
C24-UAE-1013,Seiko,Astron,REF-74686,800.0,Very Good,2007,Private Seller,Dubai,2025-06-18,"Chrono24 UAE (simulated — site uses JS rendering, data schema mirrors live listings)"
C24-UAE-1014,Jaeger-LeCoultre,Reverso,REF-65333,55800.0,Like New,2022,Dealer,Dubai,2025-06-18,"Chrono24 UAE (simulated — site uses JS rendering, data schema mirrors live listings)"
C24-UAE-1015,IWC,Pilot Mark XVIII,REF-11504,18300.0,Fair,2014,Dealer,Dubai,2025-06-18,"Chrono24 UAE (simulated — site uses JS rendering, data schema mirrors live listings)"
C24-UAE-1016,Cartier,Ballon Bleu,REF-66985,8700.0,Like New,2019,Dealer,Abu Dhabi,2025-06-18,"Chrono24 UAE (simulated — site uses JS rendering, data schema mirrors live listings)"
C24-UAE-1017,Breitling,Navitimer,REF-33416,12200.0,Good,2018,Dealer,Dubai,2025-06-18,"Chrono24 UAE (simulated — site uses JS rendering, data schema mirrors live listings)"
C24-UAE-1018,Tudor,Heritage Chrono,REF-59009,3000.0,Good,2004,Dealer,Abu Dhabi,2025-06-18,"Chrono24 UAE (simulated — site uses JS rendering, data schema mirrors live listings)"
C24-UAE-1019,Tag Heuer,Aquaracer,REF-57576,4300.0,Unworn,2024,Dealer,Sharjah,2025-06-18,"Chrono24 UAE (simulated — site uses JS rendering, data schema mirrors live listings)"
C24-UAE-1020,Audemars Piguet,Royal Oak 15400,15400ST.OO.1220ST.01,53600.0,Good,2002,Private Seller,Dubai,2025-06-18,"Chrono24 UAE (simulated — site uses JS rendering, data schema mirrors live listings)"
C24-UAE-1021,Jaeger-LeCoultre,Polaris,REF-31643,55100.0,Like New,2019,Private Seller,Sharjah,2025-06-18,"Chrono24 UAE (simulated — site uses JS rendering, data schema mirrors live listings)"
C24-UAE-1022,Tag Heuer,Aquaracer,REF-36365,6000.0,Fair,2008,Private Seller,Sharjah,2025-06-18,"Chrono24 UAE (simulated — site uses JS rendering, data schema mirrors live listings)"
C24-UAE-1023,IWC,Aquatimer,REF-42493,16600.0,Very Good,2015,Private Seller,Abu Dhabi,2025-06-18,"Chrono24 UAE (simulated — site uses JS rendering, data schema mirrors live listings)"
C24-UAE-1024,Omega,Constellation,REF-19305,5400.0,Very Good,1995,Dealer,Dubai,2025-06-18,"Chrono24 UAE (simulated — site uses JS rendering, data schema mirrors live listings)"
C24-UAE-1025,Audemars Piguet,Royal Oak 15400,15400ST.OO.1220ST.01,187500.0,Unworn,2023,Dealer,Ajman,2025-06-18,"Chrono24 UAE (simulated — site uses JS rendering, data schema mirrors live listings)"
C24-UAE-1026,Audemars Piguet,Royal Oak Concept,REF-41850,145500.0,Good,1999,Private Seller,Ajman,2025-06-18,"Chrono24 UAE (simulated — site uses JS rendering, data schema mirrors live listings)"
C24-UAE-1027,Jaeger-LeCoultre,Master Ultra Thin,REF-63883,20000.0,Unworn,2001,Private Seller,Ajman,2025-06-18,"Chrono24 UAE (simulated — site uses JS rendering, data schema mirrors live listings)"
C24-UAE-1028,Tudor,Heritage Chrono,REF-62772,2400.0,Good,1996,Private Seller,Sharjah,2025-06-18,"Chrono24 UAE (simulated — site uses JS rendering, data schema mirrors live listings)"
C24-UAE-1029,Jaeger-LeCoultre,Reverso,REF-34050,12100.0,Like New,2002,Dealer,Sharjah,2025-06-18,"Chrono24 UAE (simulated — site uses JS rendering, data schema mirrors live listings)"
C24-UAE-1030,Breitling,Navitimer,REF-82132,,Fair,2022,Dealer,Dubai,2025-06-18,"Chrono24 UAE (simulated — site uses JS rendering, data schema mirrors live listings)"
C24-UAE-1031,Rolex,Submariner Date,126610LN,21000.0,Fair,1997,Private Seller,Ajman,2025-06-18,"Chrono24 UAE (simulated — site uses JS rendering, data schema mirrors live listings)"
C24-UAE-1032,Audemars Piguet,Royal Oak Offshore,REF-44760,311100.0,Unworn,2023,Dealer,Ajman,2025-06-18,"Chrono24 UAE (simulated — site uses JS rendering, data schema mirrors live listings)"
C24-UAE-1033,Richard Mille,RM 010,REF-73788,217700.0,Fair,2017,Private Seller,Abu Dhabi,2025-06-18,"Chrono24 UAE (simulated — site uses JS rendering, data schema mirrors live listings)"
C24-UAE-1034,Audemars Piguet,Royal Oak Offshore,REF-51104,111300.0,Fair,2001,Dealer,Dubai,2025-06-18,"Chrono24 UAE (simulated — site uses JS rendering, data schema mirrors live listings)"
C24-UAE-1035,Rolex,Sky-Dweller,REF-76562,14300.0,Fair,2011,Dealer,Dubai,2025-06-18,"Chrono24 UAE (simulated — site uses JS rendering, data schema mirrors live listings)"
C24-UAE-1036,Tudor,Black Bay 58,REF-25713,3800.0,Very Good,1997,Private Seller,Abu Dhabi,2025-06-18,"Chrono24 UAE (simulated — site uses JS rendering, data schema mirrors live listings)"
C24-UAE-1037,Panerai,Submersible,REF-78522,14700.0,Very Good,1996,Dealer,Sharjah,2025-06-18,"Chrono24 UAE (simulated — site uses JS rendering, data schema mirrors live listings)"
C24-UAE-1038,Seiko,Presage,REF-27154,1000.0,Good,2001,Dealer,Sharjah,2025-06-18,"Chrono24 UAE (simulated — site uses JS rendering, data schema mirrors live listings)"
C24-UAE-1039,Breitling,Superocean,REF-83792,15600.0,Good,2024,Dealer,Dubai,2025-06-18,"Chrono24 UAE (simulated — site uses JS rendering, data schema mirrors live listings)"
C24-UAE-1040,Omega,Planet Ocean,REF-19016,7100.0,Very Good,2001,Dealer,Abu Dhabi,2025-06-18,"Chrono24 UAE (simulated — site uses JS rendering, data schema mirrors live listings)"
C24-UAE-1041,Hublot,Classic Fusion,REF-95717,25500.0,Very Good,2000,Dealer,Dubai,2025-06-18,"Chrono24 UAE (simulated — site uses JS rendering, data schema mirrors live listings)"
C24-UAE-1042,Cartier,Ballon Bleu,REF-44664,12100.0,Fair,2004,Dealer,Dubai,2025-06-18,"Chrono24 UAE (simulated — site uses JS rendering, data schema mirrors live listings)"
C24-UAE-1043,Seiko,Prospex,REF-54942,3100.0,Very Good,2018,Dealer,Abu Dhabi,2025-06-18,"Chrono24 UAE (simulated — site uses JS rendering, data schema mirrors live listings)"
C24-UAE-1044,Cartier,Ballon Bleu,REF-16658,34900.0,Like New,2022,Dealer,Dubai,2025-06-18,"Chrono24 UAE (simulated — site uses JS rendering, data schema mirrors live listings)"
C24-UAE-1045,Cartier,Tank,REF-93507,29200.0,Like New,2021,Dealer,Sharjah,2025-06-18,"Chrono24 UAE (simulated — site uses JS rendering, data schema mirrors live listings)"
C24-UAE-1046,Patek Philippe,Complications 5396,REF-29536,73500.0,Good,2012,Dealer,Dubai,2025-06-18,"Chrono24 UAE (simulated — site uses JS rendering, data schema mirrors live listings)"
C24-UAE-1047,Tudor,Pelagos,REF-57795,2500.0,Very Good,2013,Dealer,Dubai,2025-06-18,"Chrono24 UAE (simulated — site uses JS rendering, data schema mirrors live listings)"
C24-UAE-1048,Seiko,Presage,REF-83385,1300.0,Good,2001,Private Seller,Ajman,2025-06-18,"Chrono24 UAE (simulated — site uses JS rendering, data schema mirrors live listings)"
C24-UAE-1049,Panerai,Submersible,REF-33206,5000.0,Fair,1999,Dealer,Ajman,2025-06-18,"Chrono24 UAE (simulated — site uses JS rendering, data schema mirrors live listings)"
C24-UAE-1050,Rolex,GMT-Master II,126710BLRO,36000.0,Fair,2018,Private Seller,Abu Dhabi,2025-06-18,"Chrono24 UAE (simulated — site uses JS rendering, data schema mirrors live listings)"
C24-UAE-1051,Richard Mille,RM 055,REF-71694,102100.0,Good,2020,Dealer,Abu Dhabi,2025-06-18,"Chrono24 UAE (simulated — site uses JS rendering, data schema mirrors live listings)"
C24-UAE-1052,Audemars Piguet,Royal Oak Offshore,REF-13101,106900.0,Like New,2006,Private Seller,Abu Dhabi,2025-06-18,"Chrono24 UAE (simulated — site uses JS rendering, data schema mirrors live listings)"
C24-UAE-1053,IWC,Pilot Mark XVIII,REF-94080,9500.0,Good,2003,Private Seller,Ajman,2025-06-18,"Chrono24 UAE (simulated — site uses JS rendering, data schema mirrors live listings)"
C24-UAE-1054,Cartier,Ballon Bleu,REF-33405,13200.0,Fair,2005,Dealer,Sharjah,2025-06-18,"Chrono24 UAE (simulated — site uses JS rendering, data schema mirrors live listings)"
C24-UAE-1055,Rolex,Datejust 41,126334,44000.0,Very Good,2014,Private Seller,Dubai,2025-06-18,"Chrono24 UAE (simulated — site uses JS rendering, data schema mirrors live listings)"
C24-UAE-1056,IWC,Aquatimer,REF-80575,6000.0,Like New,2001,Private Seller,Abu Dhabi,2025-06-18,"Chrono24 UAE (simulated — site uses JS rendering, data schema mirrors live listings)"
C24-UAE-1057,Hublot,Classic Fusion,REF-96951,30100.0,Fair,1997,Private Seller,Dubai,2025-06-18,"Chrono24 UAE (simulated — site uses JS rendering, data schema mirrors live listings)"
C24-UAE-1058,Vacheron Constantin,Patrimony,REF-48752,50700.0,Like New,2011,Dealer,Abu Dhabi,2025-06-18,"Chrono24 UAE (simulated — site uses JS rendering, data schema mirrors live listings)"
C24-UAE-1059,Audemars Piguet,Royal Oak Offshore,REF-90676,165400.0,Fair,2016,Private Seller,Sharjah,2025-06-18,"Chrono24 UAE (simulated — site uses JS rendering, data schema mirrors live listings)"
C24-UAE-1060,IWC,Aquatimer,REF-86019,27400.0,Unworn,2021,Dealer,Sharjah,2025-06-18,"Chrono24 UAE (simulated — site uses JS rendering, data schema mirrors live listings)"
C24-UAE-1061,Breitling,Superocean,REF-32241,12500.0,Good,2009,Dealer,Dubai,2025-06-18,"Chrono24 UAE (simulated — site uses JS rendering, data schema mirrors live listings)"
C24-UAE-1062,Richard Mille,RM 035,REF-39444,245500.0,Good,1997,Private Seller,Abu Dhabi,2025-06-18,"Chrono24 UAE (simulated — site uses JS rendering, data schema mirrors live listings)"
C24-UAE-1063,Patek Philippe,Nautilus 5711,5711/1A-010,348900.0,Like New,1996,Dealer,Ajman,2025-06-18,"Chrono24 UAE (simulated — site uses JS rendering, data schema mirrors live listings)"
C24-UAE-1064,IWC,Aquatimer,REF-41979,17900.0,Like New,2013,Private Seller,Abu Dhabi,2025-06-18,"Chrono24 UAE (simulated — site uses JS rendering, data schema mirrors live listings)"
C24-UAE-1065,Cartier,Ballon Bleu,REF-65724,15300.0,Good,1995,Private Seller,Abu Dhabi,2025-06-18,"Chrono24 UAE (simulated — site uses JS rendering, data schema mirrors live listings)"
C24-UAE-1066,Patek Philippe,Complications 5396,REF-27477,89100.0,Very Good,1996,Private Seller,Ajman,2025-06-18,"Chrono24 UAE (simulated — site uses JS rendering, data schema mirrors live listings)"
C24-UAE-1067,Cartier,Ballon Bleu,REF-90301,18000.0,Very Good,2012,Private Seller,Ajman,2025-06-18,"Chrono24 UAE (simulated — site uses JS rendering, data schema mirrors live listings)"
C24-UAE-1068,Tudor,Heritage Chrono,REF-43972,4500.0,Good,2009,Private Seller,Abu Dhabi,2025-06-18,"Chrono24 UAE (simulated — site uses JS rendering, data schema mirrors live listings)"
C24-UAE-1069,Tudor,Heritage Chrono,REF-45992,5400.0,Good,2003,Dealer,Ajman,2025-06-18,"Chrono24 UAE (simulated — site uses JS rendering, data schema mirrors live listings)"
C24-UAE-1070,Omega,Constellation,REF-28136,10800.0,Like New,2002,Dealer,Abu Dhabi,2025-06-18,"Chrono24 UAE (simulated — site uses JS rendering, data schema mirrors live listings)"
C24-UAE-1071,Audemars Piguet,Royal Oak Offshore,REF-53369,153700.0,Like New,2017,Dealer,Ajman,2025-06-18,"Chrono24 UAE (simulated — site uses JS rendering, data schema mirrors live listings)"
C24-UAE-1072,IWC,Portugieser Chronograph,REF-12560,18400.0,Good,2001,Dealer,Ajman,2025-06-18,"Chrono24 UAE (simulated — site uses JS rendering, data schema mirrors live listings)"
C24-UAE-1073,Breitling,Navitimer,REF-64921,18300.0,Like New,2006,Dealer,Abu Dhabi,2025-06-18,"Chrono24 UAE (simulated — site uses JS rendering, data schema mirrors live listings)"
C24-UAE-1074,Breitling,Navitimer,REF-99016,8300.0,Very Good,2003,Dealer,Ajman,2025-06-18,"Chrono24 UAE (simulated — site uses JS rendering, data schema mirrors live listings)"
C24-UAE-1075,Vacheron Constantin,Overseas,REF-13534,96900.0,Very Good,2021,Dealer,Ajman,2025-06-18,"Chrono24 UAE (simulated — site uses JS rendering, data schema mirrors live listings)"
C24-UAE-1076,Panerai,Submersible,REF-70515,9700.0,Unworn,2016,Dealer,Abu Dhabi,2025-06-18,"Chrono24 UAE (simulated — site uses JS rendering, data schema mirrors live listings)"
C24-UAE-1077,Rolex,Explorer II,REF-59692,52400.0,Like New,2007,Dealer,Sharjah,2025-06-18,"Chrono24 UAE (simulated — site uses JS rendering, data schema mirrors live listings)"
C24-UAE-1078,Jaeger-LeCoultre,Master Ultra Thin,REF-16826,23900.0,Good,2003,Dealer,Sharjah,2025-06-18,"Chrono24 UAE (simulated — site uses JS rendering, data schema mirrors live listings)"
C24-UAE-1079,Audemars Piguet,Royal Oak Concept,REF-42411,178900.0,Good,1997,Private Seller,Abu Dhabi,2025-06-18,"Chrono24 UAE (simulated — site uses JS rendering, data schema mirrors live listings)"
C24-UAE-1080,Tudor,Black Bay 58,REF-83920,7800.0,Like New,2014,Dealer,Abu Dhabi,2025-06-18,"Chrono24 UAE (simulated — site uses JS rendering, data schema mirrors live listings)"
C24-UAE-1081,Breitling,Chronomat,REF-25012,10300.0,Good,2003,Dealer,Abu Dhabi,2025-06-18,"Chrono24 UAE (simulated — site uses JS rendering, data schema mirrors live listings)"
C24-UAE-1082,Richard Mille,RM 011,REF-59192,345500.0,Unworn,2013,Dealer,Ajman,2025-06-18,"Chrono24 UAE (simulated — site uses JS rendering, data schema mirrors live listings)"
C24-UAE-1083,Vacheron Constantin,Overseas,REF-49529,33000.0,Very Good,1997,Private Seller,Dubai,2025-06-18,"Chrono24 UAE (simulated — site uses JS rendering, data schema mirrors live listings)"
C24-UAE-1084,Jaeger-LeCoultre,Polaris,REF-19038,46300.0,Unworn,9999,Dealer,Sharjah,2025-06-18,"Chrono24 UAE (simulated — site uses JS rendering, data schema mirrors live listings)"
C24-UAE-1085,Rolex,Oyster Perpetual 41,REF-70258,48300.0,Very Good,2021,Dealer,Abu Dhabi,2025-06-18,"Chrono24 UAE (simulated — site uses JS rendering, data schema mirrors live listings)"
C24-UAE-1086,IWC,Portugieser Chronograph,REF-80539,24900.0,Very Good,2018,Private Seller,Ajman,2025-06-18,"Chrono24 UAE (simulated — site uses JS rendering, data schema mirrors live listings)"
C24-UAE-1087,Breitling,Superocean,REF-21359,21200.0,Good,2021,Dealer,Sharjah,2025-06-18,"Chrono24 UAE (simulated — site uses JS rendering, data schema mirrors live listings)"
C24-UAE-1088,Seiko,Presage,REF-54092,2100.0,Good,2002,Dealer,Dubai,2025-06-18,"Chrono24 UAE (simulated — site uses JS rendering, data schema mirrors live listings)"
C24-UAE-1089,Breitling,Superocean,REF-46655,7200.0,Very Good,2000,Dealer,Sharjah,2025-06-18,"Chrono24 UAE (simulated — site uses JS rendering, data schema mirrors live listings)"
C24-UAE-1090,TAG HEUER,Carrera,REF-74038,5700.0,Fair,2011,Dealer,Abu Dhabi,2025-06-18,"Chrono24 UAE (simulated — site uses JS rendering, data schema mirrors live listings)"
C24-UAE-1091,Vacheron Constantin,Patrimony,REF-48566,15900.0,Good,2015,Dealer,Abu Dhabi,2025-06-18,"Chrono24 UAE (simulated — site uses JS rendering, data schema mirrors live listings)"
C24-UAE-1092,IWC,Aquatimer,REF-79588,17400.0,Like New,2002,Dealer,Sharjah,2025-06-18,"Chrono24 UAE (simulated — site uses JS rendering, data schema mirrors live listings)"
C24-UAE-1093,IWC,Aquatimer,REF-42951,12500.0,Like New,2012,Private Seller,Abu Dhabi,2025-06-18,"Chrono24 UAE (simulated — site uses JS rendering, data schema mirrors live listings)"
C24-UAE-1094,Omega,Seamaster 300M,REF-34267,14100.0,Like New,2005,Dealer,Abu Dhabi,2025-06-18,"Chrono24 UAE (simulated — site uses JS rendering, data schema mirrors live listings)"
C24-UAE-1095,Audemars Piguet,Royal Oak Concept,REF-88222,240100.0,Like New,2010,Dealer,Sharjah,2025-06-18,"Chrono24 UAE (simulated — site uses JS rendering, data schema mirrors live listings)"
C24-UAE-1096,Omega,Seamaster 300M,REF-80010,3200.0,Like New,2004,Dealer,Abu Dhabi,2025-06-18,"Chrono24 UAE (simulated — site uses JS rendering, data schema mirrors live listings)"
C24-UAE-1097,Richard Mille,RM 011,REF-74340,107700.0,Very Good,1996,Private Seller,Dubai,2025-06-18,"Chrono24 UAE (simulated — site uses JS rendering, data schema mirrors live listings)"
C24-UAE-1098,Tudor,Black Bay 58,REF-16734,5100.0,Like New,2013,Dealer,Sharjah,2025-06-18,"Chrono24 UAE (simulated — site uses JS rendering, data schema mirrors live listings)"
C24-UAE-1099,Tudor,Pelagos,REF-92502,2300.0,Good,1998,Dealer,Dubai,2025-06-18,"Chrono24 UAE (simulated — site uses JS rendering, data schema mirrors live listings)"
C24-UAE-1100,Patek Philippe,Aquanaut 5167,REF-25525,350200.0,Very Good,2020,Dealer,Ajman,2025-06-18,"Chrono24 UAE (simulated — site uses JS rendering, data schema mirrors live listings)"
C24-UAE-1101,Panerai,Submersible,REF-68028,16900.0,Very Good,2020,Private Seller,Sharjah,2025-06-18,"Chrono24 UAE (simulated — site uses JS rendering, data schema mirrors live listings)"
C24-UAE-1102,Tudor,Heritage Chrono,REF-23006,7100.0,Like New,2008,Dealer,Abu Dhabi,2025-06-18,"Chrono24 UAE (simulated — site uses JS rendering, data schema mirrors live listings)"
C24-UAE-1103,Cartier,Santos,REF-19838,5400.0,Good,2003,Dealer,Abu Dhabi,2025-06-18,"Chrono24 UAE (simulated — site uses JS rendering, data schema mirrors live listings)"
C24-UAE-1104,Rolex,Oyster Perpetual 41,REF-47762,16000.0,Good,2009,Dealer,Sharjah,2025-06-18,"Chrono24 UAE (simulated — site uses JS rendering, data schema mirrors live listings)"
C24-UAE-1105,Vacheron Constantin,Patrimony,REF-91927,61900.0,Good,1997,Private Seller,Abu Dhabi,2025-06-18,"Chrono24 UAE (simulated — site uses JS rendering, data schema mirrors live listings)"
C24-UAE-1106,IWC,Portugieser Chronograph,REF-28643,12400.0,Like New,2012,Dealer,Dubai,2025-06-18,"Chrono24 UAE (simulated — site uses JS rendering, data schema mirrors live listings)"
C24-UAE-1107,Rolex,GMT-Master II,126710BLRO,76100.0,Like New,2020,Private Seller,Ajman,2025-06-18,"Chrono24 UAE (simulated — site uses JS rendering, data schema mirrors live listings)"
C24-UAE-1108,Omega,De Ville,REF-80776,8900.0,Like New,2017,Dealer,Ajman,2025-06-18,"Chrono24 UAE (simulated — site uses JS rendering, data schema mirrors live listings)"
C24-UAE-1109,Breitling,Navitimer,REF-42816,10000.0,Unworn,2014,Dealer,Dubai,2025-06-18,"Chrono24 UAE (simulated — site uses JS rendering, data schema mirrors live listings)"
C24-UAE-1110,Omega,Seamaster 300M,REF-98117,15100.0,Good,2016,Dealer,Sharjah,2025-06-18,"Chrono24 UAE (simulated — site uses JS rendering, data schema mirrors live listings)"
C24-UAE-1111,Panerai,Luminor Marina,REF-46458,19500.0,Good,2019,Dealer,Abu Dhabi,2025-06-18,"Chrono24 UAE (simulated — site uses JS rendering, data schema mirrors live listings)"
C24-UAE-1112,Panerai,Radiomir,REF-63523,12100.0,Good,2015,Private Seller,Sharjah,2025-06-18,"Chrono24 UAE (simulated — site uses JS rendering, data schema mirrors live listings)"
C24-UAE-1113,Hublot,Spirit of Big Bang,REF-47777,41100.0,Good,1998,Dealer,Ajman,2025-06-18,"Chrono24 UAE (simulated — site uses JS rendering, data schema mirrors live listings)"
C24-UAE-1114,Tudor,Heritage Chrono,REF-62976,4300.0,Very Good,1996,Dealer,Dubai,2025-06-18,"Chrono24 UAE (simulated — site uses JS rendering, data schema mirrors live listings)"
C24-UAE-1115,Cartier,Ballon Bleu,REF-75338,9400.0,Very Good,2009,Dealer,Ajman,2025-06-18,"Chrono24 UAE (simulated — site uses JS rendering, data schema mirrors live listings)"
C24-UAE-1116,Jaeger-LeCoultre,Reverso,REF-73532,16900.0,Like New,2001,Dealer,Dubai,2025-06-18,"Chrono24 UAE (simulated — site uses JS rendering, data schema mirrors live listings)"
C24-UAE-1117,Rolex,Day-Date 40,REF-22217,74300.0,Like New,9999,Dealer,Abu Dhabi,2025-06-18,"Chrono24 UAE (simulated — site uses JS rendering, data schema mirrors live listings)"
C24-UAE-1118,Tudor,Black Bay 58,REF-48254,2200.0,Fair,2009,Dealer,Sharjah,2025-06-18,"Chrono24 UAE (simulated — site uses JS rendering, data schema mirrors live listings)"
C24-UAE-1119,IWC,Pilot Mark XVIII,REF-88561,15200.0,Like New,2010,Dealer,Abu Dhabi,2025-06-18,"Chrono24 UAE (simulated — site uses JS rendering, data schema mirrors live listings)"
C24-UAE-1120,Tudor,Black Bay 58,REF-76550,3800.0,Good,2003,Private Seller,Sharjah,2025-06-18,"Chrono24 UAE (simulated — site uses JS rendering, data schema mirrors live listings)"
C24-UAE-1121,Tudor,Black Bay 58,REF-96499,5100.0,Good,2004,Private Seller,Ajman,2025-06-18,"Chrono24 UAE (simulated — site uses JS rendering, data schema mirrors live listings)"
C24-UAE-1122,Tudor,Black Bay 58,REF-81228,5800.0,Very Good,2009,Dealer,Ajman,2025-06-18,"Chrono24 UAE (simulated — site uses JS rendering, data schema mirrors live listings)"
C24-UAE-1123,Breitling,Superocean,REF-40613,22100.0,Like New,2022,Private Seller,Ajman,2025-06-18,"Chrono24 UAE (simulated — site uses JS rendering, data schema mirrors live listings)"
C24-UAE-1124,Rolex,Daytona,REF-96991,50100.0,Very Good,2018,Private Seller,Abu Dhabi,2025-06-18,"Chrono24 UAE (simulated — site uses JS rendering, data schema mirrors live listings)"
C24-UAE-1125,Breitling,Navitimer,REF-67711,15800.0,Very Good,1999,Dealer,Dubai,2025-06-18,"Chrono24 UAE (simulated — site uses JS rendering, data schema mirrors live listings)"
C24-UAE-1126,Tag Heuer,Monaco,REF-30232,6700.0,Good,1995,Dealer,Dubai,2025-06-18,"Chrono24 UAE (simulated — site uses JS rendering, data schema mirrors live listings)"
C24-UAE-1127,Breitling,Superocean,REF-53065,4700.0,Very Good,2005,Dealer,Ajman,2025-06-18,"Chrono24 UAE (simulated — site uses JS rendering, data schema mirrors live listings)"
C24-UAE-1128,Hublot,Spirit of Big Bang,REF-90931,42900.0,Good,2017,Dealer,Dubai,2025-06-18,"Chrono24 UAE (simulated — site uses JS rendering, data schema mirrors live listings)"
C24-UAE-1129,Audemars Piguet,Royal Oak Concept,REF-66881,142000.0,Fair,2016,Private Seller,Dubai,2025-06-18,"Chrono24 UAE (simulated — site uses JS rendering, data schema mirrors live listings)"
C24-UAE-1130,Jaeger-LeCoultre,Polaris,REF-13794,28900.0,Good,2017,Dealer,Dubai,2025-06-18,"Chrono24 UAE (simulated — site uses JS rendering, data schema mirrors live listings)"
C24-UAE-1131,Hublot,Big Bang,411.CM.1180.RX,22100.0,Very Good,2004,Dealer,Abu Dhabi,2025-06-18,"Chrono24 UAE (simulated — site uses JS rendering, data schema mirrors live listings)"
C24-UAE-1132,Patek Philippe,Aquanaut 5167,REF-75230,257200.0,Very Good,1997,Dealer,Abu Dhabi,2025-06-18,"Chrono24 UAE (simulated — site uses JS rendering, data schema mirrors live listings)"
C24-UAE-1133,Audemars Piguet,Royal Oak Offshore,REF-70981,52300.0,Like New,2015,Dealer,Sharjah,2025-06-18,"Chrono24 UAE (simulated — site uses JS rendering, data schema mirrors live listings)"
C24-UAE-1134,Cartier,Ballon Bleu,REF-49210,23400.0,Unworn,2000,Private Seller,Ajman,2025-06-18,"Chrono24 UAE (simulated — site uses JS rendering, data schema mirrors live listings)"
C24-UAE-1135,Vacheron Constantin,Patrimony,REF-73335,36900.0,Good,2009,Dealer,Dubai,2025-06-18,"Chrono24 UAE (simulated — site uses JS rendering, data schema mirrors live listings)"
C24-UAE-1136,Audemars Piguet,Royal Oak Offshore,REF-12875,197800.0,Very Good,2013,Dealer,Ajman,2025-06-18,"Chrono24 UAE (simulated — site uses JS rendering, data schema mirrors live listings)"
C24-UAE-1137,Richard Mille,RM 011,REF-89482,,Good,2013,Private Seller,Ajman,2025-06-18,"Chrono24 UAE (simulated — site uses JS rendering, data schema mirrors live listings)"
C24-UAE-1138,Tudor,Pelagos,REF-93442,5600.0,Good,2019,Dealer,Abu Dhabi,2025-06-18,"Chrono24 UAE (simulated — site uses JS rendering, data schema mirrors live listings)"
C24-UAE-1139,Panerai,Radiomir,REF-27927,16800.0,Good,2016,Private Seller,Dubai,2025-06-18,"Chrono24 UAE (simulated — site uses JS rendering, data schema mirrors live listings)"
C24-UAE-1140,Seiko,Astron,REF-57823,600.0,Unworn,2015,Private Seller,Abu Dhabi,2025-06-18,"Chrono24 UAE (simulated — site uses JS rendering, data schema mirrors live listings)"
C24-UAE-1141,Omega,Constellation,REF-80701,3700.0,Good,2005,Dealer,Sharjah,2025-06-18,"Chrono24 UAE (simulated — site uses JS rendering, data schema mirrors live listings)"
C24-UAE-1142,Tag Heuer,Aquaracer,REF-73156,21300.0,Like New,2024,Dealer,Sharjah,2025-06-18,"Chrono24 UAE (simulated — site uses JS rendering, data schema mirrors live listings)"
C24-UAE-1143,Vacheron Constantin,Patrimony,REF-39571,44300.0,Like New,2020,Private Seller,Ajman,2025-06-18,"Chrono24 UAE (simulated — site uses JS rendering, data schema mirrors live listings)"
C24-UAE-1144,Tudor,Heritage Chrono,REF-26199,4700.0,Unworn,2006,Dealer,Ajman,2025-06-18,"Chrono24 UAE (simulated — site uses JS rendering, data schema mirrors live listings)"
C24-UAE-1145,Hublot,Spirit of Big Bang,REF-58689,64500.0,Good,2018,Dealer,Dubai,2025-06-18,"Chrono24 UAE (simulated — site uses JS rendering, data schema mirrors live listings)"
C24-UAE-1146,Cartier,Santos,REF-89964,15100.0,Unworn,2010,Private Seller,Abu Dhabi,2025-06-18,"Chrono24 UAE (simulated — site uses JS rendering, data schema mirrors live listings)"
C24-UAE-1147,Cartier,Santos,REF-63516,8100.0,Good,2015,Private Seller,Dubai,2025-06-18,"Chrono24 UAE (simulated — site uses JS rendering, data schema mirrors live listings)"
C24-UAE-1148,Patek Philippe,Nautilus 5711,5711/1A-010,93000.0,Like New,1996,Dealer,Abu Dhabi,2025-06-18,"Chrono24 UAE (simulated — site uses JS rendering, data schema mirrors live listings)"
C24-UAE-1149,IWC,Pilot Mark XVIII,REF-64935,21500.0,Good,2006,Private Seller,Abu Dhabi,2025-06-18,"Chrono24 UAE (simulated — site uses JS rendering, data schema mirrors live listings)"
C24-UAE-1150,Seiko,Presage,REF-46666,2200.0,Unworn,2015,Dealer,Dubai,2025-06-18,"Chrono24 UAE (simulated — site uses JS rendering, data schema mirrors live listings)"
C24-UAE-1151,Vacheron Constantin,Patrimony,REF-23022,77500.0,Very Good,2001,Private Seller,Sharjah,2025-06-18,"Chrono24 UAE (simulated — site uses JS rendering, data schema mirrors live listings)"
C24-UAE-1152,Tag Heuer,Aquaracer,REF-69600,12800.0,Unworn,2006,Dealer,Dubai,2025-06-18,"Chrono24 UAE (simulated — site uses JS rendering, data schema mirrors live listings)"
C24-UAE-1153,Cartier,Santos,REF-53713,4900.0,Very Good,2015,Private Seller,Abu Dhabi,2025-06-18,"Chrono24 UAE (simulated — site uses JS rendering, data schema mirrors live listings)"
C24-UAE-1154,Patek Philippe,Aquanaut 5167,REF-40539,194500.0,Good,1997,Dealer,Sharjah,2025-06-18,"Chrono24 UAE (simulated — site uses JS rendering, data schema mirrors live listings)"
C24-UAE-1155,Jaeger-LeCoultre,Reverso,REF-28964,32300.0,Fair,9999,Dealer,Abu Dhabi,2025-06-18,"Chrono24 UAE (simulated — site uses JS rendering, data schema mirrors live listings)"
C24-UAE-1156,Tag Heuer,Monaco,REF-11947,3500.0,Like New,2020,Private Seller,Sharjah,2025-06-18,"Chrono24 UAE (simulated — site uses JS rendering, data schema mirrors live listings)"
C24-UAE-1157,Jaeger-LeCoultre,Reverso,REF-65176,9200.0,Like New,2013,Dealer,Dubai,2025-06-18,"Chrono24 UAE (simulated — site uses JS rendering, data schema mirrors live listings)"
C24-UAE-1158,Vacheron Constantin,Overseas,REF-69245,58500.0,Very Good,2010,Dealer,Abu Dhabi,2025-06-18,"Chrono24 UAE (simulated — site uses JS rendering, data schema mirrors live listings)"
C24-UAE-1159,Panerai,Luminor Marina,REF-70036,15700.0,Good,2018,Private Seller,Dubai,2025-06-18,"Chrono24 UAE (simulated — site uses JS rendering, data schema mirrors live listings)"
C24-UAE-1160,Rolex,Sky-Dweller,REF-68138,59800.0,Very Good,2022,Private Seller,Dubai,2025-06-18,"Chrono24 UAE (simulated — site uses JS rendering, data schema mirrors live listings)"
C24-UAE-1161,Seiko,Prospex,REF-92978,1200.0,Very Good,2005,Dealer,Sharjah,2025-06-18,"Chrono24 UAE (simulated — site uses JS rendering, data schema mirrors live listings)"
C24-UAE-1162,IWC,Aquatimer,REF-24996,16300.0,Like New,2011,Dealer,Abu Dhabi,2025-06-18,"Chrono24 UAE (simulated — site uses JS rendering, data schema mirrors live listings)"
C24-UAE-1163,IWC,Pilot Mark XVIII,REF-64524,29700.0,Like New,2023,Dealer,Dubai,2025-06-18,"Chrono24 UAE (simulated — site uses JS rendering, data schema mirrors live listings)"
C24-UAE-1164,Hublot,Classic Fusion,REF-72163,14300.0,Good,2005,Dealer,Dubai,2025-06-18,"Chrono24 UAE (simulated — site uses JS rendering, data schema mirrors live listings)"
C24-UAE-1165,Omega,Speedmaster Professional,311.30.42.30.01.005,7400.0,Very Good,1997,Private Seller,Dubai,2025-06-18,"Chrono24 UAE (simulated — site uses JS rendering, data schema mirrors live listings)"
C24-UAE-1166,Panerai,Submersible,REF-97207,12100.0,Like New,2012,Dealer,Ajman,2025-06-18,"Chrono24 UAE (simulated — site uses JS rendering, data schema mirrors live listings)"
C24-UAE-1167,TUDOR,Heritage Chrono,REF-85748,3100.0,Fair,1996,Dealer,Abu Dhabi,2025-06-18,"Chrono24 UAE (simulated — site uses JS rendering, data schema mirrors live listings)"
C24-UAE-1168,Patek Philippe,Complications 5396,REF-25058,186800.0,Good,2002,Dealer,Sharjah,2025-06-18,"Chrono24 UAE (simulated — site uses JS rendering, data schema mirrors live listings)"
C24-UAE-1169,Panerai,Luminor Marina,REF-91490,27200.0,Very Good,2020,Dealer,Dubai,2025-06-18,"Chrono24 UAE (simulated — site uses JS rendering, data schema mirrors live listings)"
C24-UAE-1170,Panerai,Submersible,REF-50499,12600.0,Good,2021,Dealer,Sharjah,2025-06-18,"Chrono24 UAE (simulated — site uses JS rendering, data schema mirrors live listings)"
C24-UAE-1171,Hublot,Big Bang,411.CM.1180.RX,26600.0,Good,2000,Dealer,Dubai,2025-06-18,"Chrono24 UAE (simulated — site uses JS rendering, data schema mirrors live listings)"
C24-UAE-1172,Omega,Planet Ocean,REF-50846,4600.0,Very Good,9999,Dealer,Sharjah,2025-06-18,"Chrono24 UAE (simulated — site uses JS rendering, data schema mirrors live listings)"
C24-UAE-1173,Jaeger-LeCoultre,Polaris,REF-90981,13800.0,Unworn,2014,Dealer,Dubai,2025-06-18,"Chrono24 UAE (simulated — site uses JS rendering, data schema mirrors live listings)"
C24-UAE-1174,Cartier,Santos,REF-64287,13400.0,Very Good,2003,Dealer,Sharjah,2025-06-18,"Chrono24 UAE (simulated — site uses JS rendering, data schema mirrors live listings)"
C24-UAE-1175,Audemars Piguet,Royal Oak Concept,REF-87743,219600.0,Like New,1998,Dealer,Ajman,2025-06-18,"Chrono24 UAE (simulated — site uses JS rendering, data schema mirrors live listings)"
C24-UAE-1176,Tag Heuer,Aquaracer,REF-11007,8700.0,Unworn,2004,Dealer,Abu Dhabi,2025-06-18,"Chrono24 UAE (simulated — site uses JS rendering, data schema mirrors live listings)"
C24-UAE-1177,Richard Mille,RM 055,REF-11013,285200.0,Like New,2019,Dealer,Ajman,2025-06-18,"Chrono24 UAE (simulated — site uses JS rendering, data schema mirrors live listings)"
C24-UAE-1178,Vacheron Constantin,Patrimony,REF-83233,36500.0,Like New,2000,Dealer,Sharjah,2025-06-18,"Chrono24 UAE (simulated — site uses JS rendering, data schema mirrors live listings)"
C24-UAE-1179,Omega,De Ville,REF-20205,12200.0,Good,2022,Dealer,Sharjah,2025-06-18,"Chrono24 UAE (simulated — site uses JS rendering, data schema mirrors live listings)"
C24-UAE-1180,Panerai,Radiomir,REF-63088,,Very Good,2013,Dealer,Dubai,2025-06-18,"Chrono24 UAE (simulated — site uses JS rendering, data schema mirrors live listings)"
C24-UAE-1181,Hublot,Big Bang,411.CM.1180.RX,49700.0,Fair,2020,Dealer,Dubai,2025-06-18,"Chrono24 UAE (simulated — site uses JS rendering, data schema mirrors live listings)"
C24-UAE-1182,IWC,Portugieser Chronograph,REF-50668,6900.0,Very Good,2002,Dealer,Sharjah,2025-06-18,"Chrono24 UAE (simulated — site uses JS rendering, data schema mirrors live listings)"
C24-UAE-1183,Audemars Piguet,Royal Oak Offshore,REF-76840,78500.0,Like New,2019,Dealer,Abu Dhabi,2025-06-18,"Chrono24 UAE (simulated — site uses JS rendering, data schema mirrors live listings)"
C24-UAE-1184,Seiko,Presage,REF-40968,2500.0,Good,2006,Private Seller,Dubai,2025-06-18,"Chrono24 UAE (simulated — site uses JS rendering, data schema mirrors live listings)"
C24-UAE-1185,Patek Philippe,Calatrava,REF-19876,318100.0,Like New,2001,Dealer,Abu Dhabi,2025-06-18,"Chrono24 UAE (simulated — site uses JS rendering, data schema mirrors live listings)"
C24-UAE-1186,Jaeger-LeCoultre,Polaris,REF-99277,23200.0,Very Good,2010,Dealer,Sharjah,2025-06-18,"Chrono24 UAE (simulated — site uses JS rendering, data schema mirrors live listings)"
C24-UAE-1187,Tudor,Heritage Chrono,REF-49691,5800.0,Like New,2005,Dealer,Sharjah,2025-06-18,"Chrono24 UAE (simulated — site uses JS rendering, data schema mirrors live listings)"
C24-UAE-1188,Panerai,Luminor Marina,REF-17456,12400.0,Very Good,2006,Dealer,Sharjah,2025-06-18,"Chrono24 UAE (simulated — site uses JS rendering, data schema mirrors live listings)"
C24-UAE-1189,Tudor,Pelagos,REF-87867,2800.0,Very Good,1997,Private Seller,Ajman,2025-06-18,"Chrono24 UAE (simulated — site uses JS rendering, data schema mirrors live listings)"
C24-UAE-1190,Breitling,Chronomat,REF-84928,2800.0,Fair,2012,Private Seller,Abu Dhabi,2025-06-18,"Chrono24 UAE (simulated — site uses JS rendering, data schema mirrors live listings)"
C24-UAE-1191,Hublot,Spirit of Big Bang,REF-55015,34100.0,Very Good,2010,Private Seller,Dubai,2025-06-18,"Chrono24 UAE (simulated — site uses JS rendering, data schema mirrors live listings)"
C24-UAE-1192,TAG HEUER,Aquaracer,REF-78690,13000.0,Unworn,2000,Private Seller,Abu Dhabi,2025-06-18,"Chrono24 UAE (simulated — site uses JS rendering, data schema mirrors live listings)"
C24-UAE-1193,Hublot,Classic Fusion,REF-88366,57700.0,Like New,2024,Dealer,Dubai,2025-06-18,"Chrono24 UAE (simulated — site uses JS rendering, data schema mirrors live listings)"
C24-UAE-1194,Jaeger-LeCoultre,Polaris,REF-60667,28700.0,Like New,2015,Dealer,Sharjah,2025-06-18,"Chrono24 UAE (simulated — site uses JS rendering, data schema mirrors live listings)"
C24-UAE-1195,Richard Mille,RM 055,REF-50662,439700.0,Unworn,2005,Private Seller,Ajman,2025-06-18,"Chrono24 UAE (simulated — site uses JS rendering, data schema mirrors live listings)"
C24-UAE-1196,Patek Philippe,Nautilus 5711,5711/1A-010,151100.0,Very Good,2004,Dealer,Dubai,2025-06-18,"Chrono24 UAE (simulated — site uses JS rendering, data schema mirrors live listings)"
C24-UAE-1197,Cartier,Ballon Bleu,REF-38074,8500.0,Very Good,2008,Dealer,Sharjah,2025-06-18,"Chrono24 UAE (simulated — site uses JS rendering, data schema mirrors live listings)"
C24-UAE-1198,Jaeger-LeCoultre,Master Ultra Thin,REF-23256,10000.0,Like New,2001,Dealer,Dubai,2025-06-18,"Chrono24 UAE (simulated — site uses JS rendering, data schema mirrors live listings)"
C24-UAE-1199,Cartier,Tank,REF-31266,14500.0,Good,2023,Dealer,Abu Dhabi,2025-06-18,"Chrono24 UAE (simulated — site uses JS rendering, data schema mirrors live listings)"
C24-UAE-1200,Tudor,Heritage Chrono,REF-15726,10000.0,Very Good,2019,Private Seller,Ajman,2025-06-18,"Chrono24 UAE (simulated — site uses JS rendering, data schema mirrors live listings)"
C24-UAE-1201,Hublot,Spirit of Big Bang,REF-68841,37800.0,Like New,2018,Dealer,Abu Dhabi,2025-06-18,"Chrono24 UAE (simulated — site uses JS rendering, data schema mirrors live listings)"
C24-UAE-1202,Tag Heuer,Carrera,REF-35430,6900.0,Fair,2004,Private Seller,Sharjah,2025-06-18,"Chrono24 UAE (simulated — site uses JS rendering, data schema mirrors live listings)"
C24-UAE-1203,Cartier,Ballon Bleu,REF-79135,9700.0,Very Good,2009,Dealer,Ajman,2025-06-18,"Chrono24 UAE (simulated — site uses JS rendering, data schema mirrors live listings)"
C24-UAE-1204,Patek Philippe,Aquanaut 5167,REF-72991,68400.0,Very Good,2020,Private Seller,Sharjah,2025-06-18,"Chrono24 UAE (simulated — site uses JS rendering, data schema mirrors live listings)"
C24-UAE-1205,Tag Heuer,Carrera,REF-31012,4800.0,Good,2017,Private Seller,Sharjah,2025-06-18,"Chrono24 UAE (simulated — site uses JS rendering, data schema mirrors live listings)"
C24-UAE-1206,Breitling,Chronomat,REF-69130,13900.0,Good,1999,Dealer,Sharjah,2025-06-18,"Chrono24 UAE (simulated — site uses JS rendering, data schema mirrors live listings)"
C24-UAE-1207,Seiko,Prospex,REF-20696,1300.0,Unworn,2008,Dealer,Sharjah,2025-06-18,"Chrono24 UAE (simulated — site uses JS rendering, data schema mirrors live listings)"
C24-UAE-1208,Audemars Piguet,Royal Oak 15400,15400ST.OO.1220ST.01,127500.0,Fair,2005,Private Seller,Abu Dhabi,2025-06-18,"Chrono24 UAE (simulated — site uses JS rendering, data schema mirrors live listings)"
C24-UAE-1209,Rolex,Explorer II,REF-71487,24100.0,Good,2024,Private Seller,Ajman,2025-06-18,"Chrono24 UAE (simulated — site uses JS rendering, data schema mirrors live listings)"
C24-UAE-1210,Panerai,Luminor Marina,REF-81932,40100.0,Unworn,2023,Dealer,Ajman,2025-06-18,"Chrono24 UAE (simulated — site uses JS rendering, data schema mirrors live listings)"
C24-UAE-1211,Omega,Constellation,REF-91633,9100.0,Like New,2002,Dealer,Ajman,2025-06-18,"Chrono24 UAE (simulated — site uses JS rendering, data schema mirrors live listings)"
C24-UAE-1212,Omega,Speedmaster Professional,311.30.42.30.01.005,3100.0,Fair,2021,Dealer,Abu Dhabi,2025-06-18,"Chrono24 UAE (simulated — site uses JS rendering, data schema mirrors live listings)"
C24-UAE-1213,Vacheron Constantin,Overseas,REF-64600,32900.0,Very Good,2004,Dealer,Abu Dhabi,2025-06-18,"Chrono24 UAE (simulated — site uses JS rendering, data schema mirrors live listings)"
C24-UAE-1214,Cartier,Ballon Bleu,REF-81313,19000.0,Very Good,1997,Dealer,Dubai,2025-06-18,"Chrono24 UAE (simulated — site uses JS rendering, data schema mirrors live listings)"
C24-UAE-1215,IWC,Pilot Mark XVIII,REF-12128,10600.0,Very Good,1996,Private Seller,Sharjah,2025-06-18,"Chrono24 UAE (simulated — site uses JS rendering, data schema mirrors live listings)"
C24-UAE-1216,Jaeger-LeCoultre,Reverso,REF-86271,10900.0,Like New,2006,Private Seller,Sharjah,2025-06-18,"Chrono24 UAE (simulated — site uses JS rendering, data schema mirrors live listings)"
C24-UAE-1217,Patek Philippe,Nautilus 5711,5711/1A-010,105200.0,Very Good,2006,Private Seller,Ajman,2025-06-18,"Chrono24 UAE (simulated — site uses JS rendering, data schema mirrors live listings)"
C24-UAE-1218,Vacheron Constantin,Patrimony,REF-69988,,Like New,2015,Dealer,Dubai,2025-06-18,"Chrono24 UAE (simulated — site uses JS rendering, data schema mirrors live listings)"
C24-UAE-1219,Richard Mille,RM 055,REF-50642,145000.0,Good,1996,Private Seller,Ajman,2025-06-18,"Chrono24 UAE (simulated — site uses JS rendering, data schema mirrors live listings)"
C24-UAE-1220,Tudor,Heritage Chrono,REF-56789,3900.0,Like New,2010,Private Seller,Dubai,2025-06-18,"Chrono24 UAE (simulated — site uses JS rendering, data schema mirrors live listings)"
C24-UAE-1221,Tudor,Heritage Chrono,REF-62431,5800.0,Like New,2005,Private Seller,Ajman,2025-06-18,"Chrono24 UAE (simulated — site uses JS rendering, data schema mirrors live listings)"
C24-UAE-1222,Seiko,Presage,REF-78062,1300.0,Fair,2005,Dealer,Sharjah,2025-06-18,"Chrono24 UAE (simulated — site uses JS rendering, data schema mirrors live listings)"
C24-UAE-1223,Jaeger-LeCoultre,Reverso,REF-33652,47700.0,Very Good,2018,Dealer,Sharjah,2025-06-18,"Chrono24 UAE (simulated — site uses JS rendering, data schema mirrors live listings)"
C24-UAE-1224,Hublot,Big Bang,411.CM.1180.RX,38400.0,Like New,1997,Dealer,Abu Dhabi,2025-06-18,"Chrono24 UAE (simulated — site uses JS rendering, data schema mirrors live listings)"
C24-UAE-1225,Vacheron Constantin,Patrimony,REF-90589,81600.0,Very Good,2006,Private Seller,Ajman,2025-06-18,"Chrono24 UAE (simulated — site uses JS rendering, data schema mirrors live listings)"
C24-UAE-1226,Richard Mille,RM 011,REF-99051,200600.0,Good,1997,Dealer,Abu Dhabi,2025-06-18,"Chrono24 UAE (simulated — site uses JS rendering, data schema mirrors live listings)"
C24-UAE-1227,Rolex,GMT-Master II,126710BLRO,19000.0,Very Good,2022,Private Seller,Abu Dhabi,2025-06-18,"Chrono24 UAE (simulated — site uses JS rendering, data schema mirrors live listings)"
C24-UAE-1228,JAEGER-LECOULTRE,Polaris,REF-30111,7500.0,Very Good,2006,Private Seller,Ajman,2025-06-18,"Chrono24 UAE (simulated — site uses JS rendering, data schema mirrors live listings)"
C24-UAE-1229,Hublot,Classic Fusion,REF-62171,33000.0,Good,2009,Dealer,Sharjah,2025-06-18,"Chrono24 UAE (simulated — site uses JS rendering, data schema mirrors live listings)"
C24-UAE-1230,Cartier,Tank,REF-77861,4500.0,Fair,2002,Dealer,Ajman,2025-06-18,"Chrono24 UAE (simulated — site uses JS rendering, data schema mirrors live listings)"
C24-UAE-1231,Seiko,Astron,REF-90199,2000.0,Like New,1998,Dealer,Sharjah,2025-06-18,"Chrono24 UAE (simulated — site uses JS rendering, data schema mirrors live listings)"
C24-UAE-1232,Vacheron Constantin,Patrimony,REF-68341,54800.0,Like New,2001,Private Seller,Dubai,2025-06-18,"Chrono24 UAE (simulated — site uses JS rendering, data schema mirrors live listings)"
C24-UAE-1233,Jaeger-LeCoultre,Polaris,REF-82089,30800.0,Fair,2022,Private Seller,Sharjah,2025-06-18,"Chrono24 UAE (simulated — site uses JS rendering, data schema mirrors live listings)"
C24-UAE-1234,Seiko,Presage,REF-32818,4900.0,Like New,2022,Private Seller,Sharjah,2025-06-18,"Chrono24 UAE (simulated — site uses JS rendering, data schema mirrors live listings)"
C24-UAE-1235,Tag Heuer,Carrera,REF-74752,2700.0,Fair,1998,Private Seller,Dubai,2025-06-18,"Chrono24 UAE (simulated — site uses JS rendering, data schema mirrors live listings)"
C24-UAE-1236,Hublot,Spirit of Big Bang,REF-90209,40000.0,Very Good,2013,Private Seller,Dubai,2025-06-18,"Chrono24 UAE (simulated — site uses JS rendering, data schema mirrors live listings)"
C24-UAE-1237,Omega,Constellation,REF-63665,6400.0,Fair,2007,Private Seller,Dubai,2025-06-18,"Chrono24 UAE (simulated — site uses JS rendering, data schema mirrors live listings)"
C24-UAE-1238,Patek Philippe,Calatrava,REF-26821,247700.0,Unworn,2015,Dealer,Abu Dhabi,2025-06-18,"Chrono24 UAE (simulated — site uses JS rendering, data schema mirrors live listings)"
C24-UAE-1239,Jaeger-LeCoultre,Reverso,REF-77908,30400.0,Very Good,2008,Private Seller,Abu Dhabi,2025-06-18,"Chrono24 UAE (simulated — site uses JS rendering, data schema mirrors live listings)"
C24-UAE-1240,Richard Mille,RM 055,REF-78012,204800.0,Like New,2000,Private Seller,Sharjah,2025-06-18,"Chrono24 UAE (simulated — site uses JS rendering, data schema mirrors live listings)"
C24-UAE-1241,Tudor,Black Bay 58,REF-91922,4600.0,Like New,2003,Private Seller,Sharjah,2025-06-18,"Chrono24 UAE (simulated — site uses JS rendering, data schema mirrors live listings)"
C24-UAE-1242,Panerai,Submersible,REF-30210,21000.0,Very Good,1997,Dealer,Abu Dhabi,2025-06-18,"Chrono24 UAE (simulated — site uses JS rendering, data schema mirrors live listings)"
C24-UAE-1243,Cartier,Ballon Bleu,REF-15399,17200.0,Fair,2018,Dealer,Dubai,2025-06-18,"Chrono24 UAE (simulated — site uses JS rendering, data schema mirrors live listings)"
C24-UAE-1244,Omega,Speedmaster Professional,311.30.42.30.01.005,5100.0,Good,2015,Dealer,Ajman,2025-06-18,"Chrono24 UAE (simulated — site uses JS rendering, data schema mirrors live listings)"
C24-UAE-1245,Panerai,Submersible,REF-49596,9500.0,Very Good,1995,Dealer,Ajman,2025-06-18,"Chrono24 UAE (simulated — site uses JS rendering, data schema mirrors live listings)"
C24-UAE-1246,Audemars Piguet,Royal Oak Concept,REF-67619,65000.0,Like New,2007,Dealer,Ajman,2025-06-18,"Chrono24 UAE (simulated — site uses JS rendering, data schema mirrors live listings)"
C24-UAE-1247,Breitling,Superocean,REF-51853,17800.0,Like New,2001,Dealer,Sharjah,2025-06-18,"Chrono24 UAE (simulated — site uses JS rendering, data schema mirrors live listings)"
C24-UAE-1248,IWC,Portugieser Chronograph,REF-71141,17300.0,Very Good,2019,Dealer,Dubai,2025-06-18,"Chrono24 UAE (simulated — site uses JS rendering, data schema mirrors live listings)"
C24-UAE-1249,Richard Mille,RM 010,REF-90658,429500.0,Like New,2002,Dealer,Ajman,2025-06-18,"Chrono24 UAE (simulated — site uses JS rendering, data schema mirrors live listings)"
C24-UAE-1250,Audemars Piguet,Royal Oak 15400,15400ST.OO.1220ST.01,128200.0,Like New,2021,Dealer,Ajman,2025-06-18,"Chrono24 UAE (simulated — site uses JS rendering, data schema mirrors live listings)"
C24-UAE-1251,Tag Heuer,Monaco,REF-61543,2200.0,Good,2010,Dealer,Ajman,2025-06-18,"Chrono24 UAE (simulated — site uses JS rendering, data schema mirrors live listings)"
C24-UAE-1252,Audemars Piguet,Royal Oak 15400,15400ST.OO.1220ST.01,152900.0,Very Good,2013,Dealer,Ajman,2025-06-18,"Chrono24 UAE (simulated — site uses JS rendering, data schema mirrors live listings)"
C24-UAE-1253,Richard Mille,RM 011,REF-57943,292600.0,Like New,2022,Dealer,Ajman,2025-06-18,"Chrono24 UAE (simulated — site uses JS rendering, data schema mirrors live listings)"
C24-UAE-1254,Hublot,Big Bang,411.CM.1180.RX,34600.0,Unworn,2007,Dealer,Dubai,2025-06-18,"Chrono24 UAE (simulated — site uses JS rendering, data schema mirrors live listings)"
C24-UAE-1255,IWC,Aquatimer,REF-99181,22300.0,Good,2009,Dealer,Dubai,2025-06-18,"Chrono24 UAE (simulated — site uses JS rendering, data schema mirrors live listings)"
C24-UAE-1256,Patek Philippe,Nautilus 5711,5711/1A-010,219700.0,Very Good,2007,Private Seller,Abu Dhabi,2025-06-18,"Chrono24 UAE (simulated — site uses JS rendering, data schema mirrors live listings)"
C24-UAE-1257,Audemars Piguet,Royal Oak Concept,REF-53652,52600.0,Very Good,2011,Dealer,Ajman,2025-06-18,"Chrono24 UAE (simulated — site uses JS rendering, data schema mirrors live listings)"
C24-UAE-1258,Tag Heuer,Monaco,REF-90356,4800.0,Very Good,1999,Dealer,Sharjah,2025-06-18,"Chrono24 UAE (simulated — site uses JS rendering, data schema mirrors live listings)"
C24-UAE-1259,Patek Philippe,Complications 5396,REF-76809,130800.0,Good,2014,Dealer,Ajman,2025-06-18,"Chrono24 UAE (simulated — site uses JS rendering, data schema mirrors live listings)"
C24-UAE-1260,Vacheron Constantin,Traditionnelle,REF-24366,39400.0,Very Good,2004,Dealer,Ajman,2025-06-18,"Chrono24 UAE (simulated — site uses JS rendering, data schema mirrors live listings)"
C24-UAE-1261,Panerai,Radiomir,REF-88238,20000.0,Good,2020,Private Seller,Ajman,2025-06-18,"Chrono24 UAE (simulated — site uses JS rendering, data schema mirrors live listings)"
C24-UAE-1262,Richard Mille,RM 055,REF-91230,387800.0,Unworn,2018,Dealer,Ajman,2025-06-18,"Chrono24 UAE (simulated — site uses JS rendering, data schema mirrors live listings)"
C24-UAE-1263,Patek Philippe,Aquanaut 5167,REF-67807,109900.0,Very Good,1996,Private Seller,Sharjah,2025-06-18,"Chrono24 UAE (simulated — site uses JS rendering, data schema mirrors live listings)"
C24-UAE-1264,IWC,Portugieser Chronograph,REF-71814,18400.0,Good,2008,Dealer,Dubai,2025-06-18,"Chrono24 UAE (simulated — site uses JS rendering, data schema mirrors live listings)"
C24-UAE-1265,Vacheron Constantin,Overseas,REF-78875,72100.0,Like New,2011,Dealer,Ajman,2025-06-18,"Chrono24 UAE (simulated — site uses JS rendering, data schema mirrors live listings)"
C24-UAE-1266,Hublot,Big Bang,411.CM.1180.RX,19400.0,Fair,2009,Dealer,Sharjah,2025-06-18,"Chrono24 UAE (simulated — site uses JS rendering, data schema mirrors live listings)"
C24-UAE-1267,Panerai,Radiomir,REF-49008,6600.0,Fair,2001,Dealer,Sharjah,2025-06-18,"Chrono24 UAE (simulated — site uses JS rendering, data schema mirrors live listings)"
C24-UAE-1268,Vacheron Constantin,Overseas,REF-45842,44400.0,Good,2017,Dealer,Sharjah,2025-06-18,"Chrono24 UAE (simulated — site uses JS rendering, data schema mirrors live listings)"
C24-UAE-1269,Omega,Planet Ocean,REF-55237,9200.0,Very Good,2016,Private Seller,Abu Dhabi,2025-06-18,"Chrono24 UAE (simulated — site uses JS rendering, data schema mirrors live listings)"
C24-UAE-1270,Richard Mille,RM 011,REF-95979,252900.0,Fair,2004,Dealer,Sharjah,2025-06-18,"Chrono24 UAE (simulated — site uses JS rendering, data schema mirrors live listings)"
C24-UAE-1271,Vacheron Constantin,Patrimony,REF-45601,94500.0,Like New,2001,Dealer,Abu Dhabi,2025-06-18,"Chrono24 UAE (simulated — site uses JS rendering, data schema mirrors live listings)"
C24-UAE-1272,Omega,Planet Ocean,REF-79604,15200.0,Very Good,2018,Dealer,Abu Dhabi,2025-06-18,"Chrono24 UAE (simulated — site uses JS rendering, data schema mirrors live listings)"
C24-UAE-1273,Cartier,Santos,REF-99285,12700.0,Like New,1996,Dealer,Abu Dhabi,2025-06-18,"Chrono24 UAE (simulated — site uses JS rendering, data schema mirrors live listings)"
C24-UAE-1274,Rolex,GMT-Master II,126710BLRO,49900.0,Good,2008,Private Seller,Abu Dhabi,2025-06-18,"Chrono24 UAE (simulated — site uses JS rendering, data schema mirrors live listings)"
C24-UAE-1275,JAEGER-LECOULTRE,Master Ultra Thin,REF-95498,32500.0,Like New,2005,Dealer,Abu Dhabi,2025-06-18,"Chrono24 UAE (simulated — site uses JS rendering, data schema mirrors live listings)"
C24-UAE-1276,Tag Heuer,Aquaracer,REF-64773,11900.0,Good,2018,Dealer,Abu Dhabi,2025-06-18,"Chrono24 UAE (simulated — site uses JS rendering, data schema mirrors live listings)"
C24-UAE-1277,Seiko,Prospex,REF-47941,5300.0,Very Good,2021,Dealer,Dubai,2025-06-18,"Chrono24 UAE (simulated — site uses JS rendering, data schema mirrors live listings)"
C24-UAE-1278,Rolex,Explorer II,REF-69552,45900.0,Very Good,2013,Private Seller,Ajman,2025-06-18,"Chrono24 UAE (simulated — site uses JS rendering, data schema mirrors live listings)"
C24-UAE-1279,Seiko,Prospex,REF-53343,4900.0,Very Good,2022,Dealer,Abu Dhabi,2025-06-18,"Chrono24 UAE (simulated — site uses JS rendering, data schema mirrors live listings)"
C24-UAE-1280,Vacheron Constantin,Patrimony,REF-48669,87700.0,Like New,2015,Dealer,Abu Dhabi,2025-06-18,"Chrono24 UAE (simulated — site uses JS rendering, data schema mirrors live listings)"
C24-UAE-1281,Patek Philippe,Complications 5396,REF-22502,172700.0,Very Good,2021,Dealer,Abu Dhabi,2025-06-18,"Chrono24 UAE (simulated — site uses JS rendering, data schema mirrors live listings)"
C24-UAE-1282,Patek Philippe,Complications 5396,REF-68554,114200.0,Fair,2005,Dealer,Sharjah,2025-06-18,"Chrono24 UAE (simulated — site uses JS rendering, data schema mirrors live listings)"
C24-UAE-1283,Hublot,Classic Fusion,REF-40972,39100.0,Good,2013,Dealer,Dubai,2025-06-18,"Chrono24 UAE (simulated — site uses JS rendering, data schema mirrors live listings)"
C24-UAE-1284,Cartier,Santos,REF-50760,13300.0,Like New,2009,Dealer,Dubai,2025-06-18,"Chrono24 UAE (simulated — site uses JS rendering, data schema mirrors live listings)"
C24-UAE-1285,Cartier,Tank,REF-30078,5700.0,Very Good,2006,Dealer,Ajman,2025-06-18,"Chrono24 UAE (simulated — site uses JS rendering, data schema mirrors live listings)"
C24-UAE-1286,Vacheron Constantin,Traditionnelle,REF-80453,49600.0,Very Good,2006,Dealer,Abu Dhabi,2025-06-18,"Chrono24 UAE (simulated — site uses JS rendering, data schema mirrors live listings)"
C24-UAE-1287,Jaeger-LeCoultre,Reverso,REF-68556,9100.0,Good,2016,Private Seller,Sharjah,2025-06-18,"Chrono24 UAE (simulated — site uses JS rendering, data schema mirrors live listings)"
C24-UAE-1288,Omega,Planet Ocean,REF-85065,10800.0,Unworn,1998,Dealer,Abu Dhabi,2025-06-18,"Chrono24 UAE (simulated — site uses JS rendering, data schema mirrors live listings)"
C24-UAE-1289,Patek Philippe,Calatrava,REF-86434,114300.0,Very Good,2022,Dealer,Ajman,2025-06-18,"Chrono24 UAE (simulated — site uses JS rendering, data schema mirrors live listings)"
C24-UAE-1290,Omega,Planet Ocean,REF-69873,7800.0,Good,2009,Dealer,Dubai,2025-06-18,"Chrono24 UAE (simulated — site uses JS rendering, data schema mirrors live listings)"
C24-UAE-1291,Tag Heuer,Monaco,REF-10395,5500.0,Good,2016,Private Seller,Abu Dhabi,2025-06-18,"Chrono24 UAE (simulated — site uses JS rendering, data schema mirrors live listings)"
C24-UAE-1292,Panerai,Luminor Marina,REF-17897,13900.0,Very Good,1996,Private Seller,Dubai,2025-06-18,"Chrono24 UAE (simulated — site uses JS rendering, data schema mirrors live listings)"
C24-UAE-1293,Seiko,Presage,REF-94085,900.0,Like New,1996,Dealer,Ajman,2025-06-18,"Chrono24 UAE (simulated — site uses JS rendering, data schema mirrors live listings)"
C24-UAE-1294,Hublot,Classic Fusion,REF-99486,25300.0,Good,2009,Private Seller,Abu Dhabi,2025-06-18,"Chrono24 UAE (simulated — site uses JS rendering, data schema mirrors live listings)"
C24-UAE-1295,Cartier,Tank,REF-39188,13800.0,Like New,1998,Dealer,Dubai,2025-06-18,"Chrono24 UAE (simulated — site uses JS rendering, data schema mirrors live listings)"
C24-UAE-1296,Jaeger-LeCoultre,Reverso,REF-59712,18700.0,Very Good,2004,Private Seller,Abu Dhabi,2025-06-18,"Chrono24 UAE (simulated — site uses JS rendering, data schema mirrors live listings)"
C24-UAE-1297,Audemars Piguet,Royal Oak Offshore,REF-24790,268800.0,Like New,2006,Dealer,Dubai,2025-06-18,"Chrono24 UAE (simulated — site uses JS rendering, data schema mirrors live listings)"
C24-UAE-1298,Jaeger-LeCoultre,Polaris,REF-41544,32000.0,Very Good,2008,Private Seller,Abu Dhabi,2025-06-18,"Chrono24 UAE (simulated — site uses JS rendering, data schema mirrors live listings)"
C24-UAE-1299,Omega,Speedmaster Professional,311.30.42.30.01.005,14400.0,Unworn,2014,Dealer,Abu Dhabi,2025-06-18,"Chrono24 UAE (simulated — site uses JS rendering, data schema mirrors live listings)"
C24-UAE-1300,Vacheron Constantin,Overseas,REF-17398,70200.0,Very Good,2007,Dealer,Abu Dhabi,2025-06-18,"Chrono24 UAE (simulated — site uses JS rendering, data schema mirrors live listings)"
C24-UAE-1301,Tag Heuer,Monaco,REF-88370,4000.0,Good,2002,Private Seller,Sharjah,2025-06-18,"Chrono24 UAE (simulated — site uses JS rendering, data schema mirrors live listings)"
C24-UAE-1302,Audemars Piguet,Royal Oak Offshore,REF-49387,105300.0,Like New,2023,Private Seller,Sharjah,2025-06-18,"Chrono24 UAE (simulated — site uses JS rendering, data schema mirrors live listings)"
C24-UAE-1303,Rolex,GMT-Master II,126710BLRO,17100.0,Good,2015,Dealer,Ajman,2025-06-18,"Chrono24 UAE (simulated — site uses JS rendering, data schema mirrors live listings)"
C24-UAE-1304,Jaeger-LeCoultre,Polaris,REF-34101,12900.0,Good,2005,Dealer,Ajman,2025-06-18,"Chrono24 UAE (simulated — site uses JS rendering, data schema mirrors live listings)"
C24-UAE-1305,Audemars Piguet,Royal Oak 15400,15400ST.OO.1220ST.01,124300.0,Good,2004,Dealer,Ajman,2025-06-18,"Chrono24 UAE (simulated — site uses JS rendering, data schema mirrors live listings)"
C24-UAE-1306,IWC,Aquatimer,REF-94765,10900.0,Like New,2011,Dealer,Dubai,2025-06-18,"Chrono24 UAE (simulated — site uses JS rendering, data schema mirrors live listings)"
C24-UAE-1307,Seiko,Presage,REF-16755,,Very Good,2022,Dealer,Sharjah,2025-06-18,"Chrono24 UAE (simulated — site uses JS rendering, data schema mirrors live listings)"
C24-UAE-1308,IWC,Aquatimer,REF-87015,9600.0,Very Good,2014,Private Seller,Abu Dhabi,2025-06-18,"Chrono24 UAE (simulated — site uses JS rendering, data schema mirrors live listings)"
C24-UAE-1309,Breitling,Navitimer,REF-37762,18700.0,Fair,2022,Dealer,Abu Dhabi,2025-06-18,"Chrono24 UAE (simulated — site uses JS rendering, data schema mirrors live listings)"
C24-UAE-1310,Vacheron Constantin,Overseas,REF-89220,30600.0,Fair,2018,Dealer,Abu Dhabi,2025-06-18,"Chrono24 UAE (simulated — site uses JS rendering, data schema mirrors live listings)"
C24-UAE-1311,IWC,Portugieser Chronograph,REF-95029,17200.0,Like New,2012,Dealer,Sharjah,2025-06-18,"Chrono24 UAE (simulated — site uses JS rendering, data schema mirrors live listings)"
C24-UAE-1312,Richard Mille,RM 035,REF-71537,98500.0,Very Good,2006,Dealer,Sharjah,2025-06-18,"Chrono24 UAE (simulated — site uses JS rendering, data schema mirrors live listings)"
C24-UAE-1313,Seiko,Prospex,REF-29126,3500.0,Like New,2006,Dealer,Dubai,2025-06-18,"Chrono24 UAE (simulated — site uses JS rendering, data schema mirrors live listings)"
C24-UAE-1314,Richard Mille,RM 010,REF-42208,217400.0,Like New,2004,Dealer,Ajman,2025-06-18,"Chrono24 UAE (simulated — site uses JS rendering, data schema mirrors live listings)"
C24-UAE-1315,Tag Heuer,Aquaracer,REF-94108,8600.0,Like New,2016,Private Seller,Ajman,2025-06-18,"Chrono24 UAE (simulated — site uses JS rendering, data schema mirrors live listings)"
C24-UAE-1316,Breitling,Navitimer,REF-74004,15800.0,Good,2018,Dealer,Abu Dhabi,2025-06-18,"Chrono24 UAE (simulated — site uses JS rendering, data schema mirrors live listings)"
C24-UAE-1317,Seiko,Astron,REF-19742,2300.0,Fair,2015,Dealer,Dubai,2025-06-18,"Chrono24 UAE (simulated — site uses JS rendering, data schema mirrors live listings)"
C24-UAE-1318,Jaeger-LeCoultre,Reverso,REF-29795,9700.0,Like New,2008,Dealer,Dubai,2025-06-18,"Chrono24 UAE (simulated — site uses JS rendering, data schema mirrors live listings)"
C24-UAE-1319,Audemars Piguet,Royal Oak Concept,REF-90808,190700.0,Very Good,2009,Dealer,Ajman,2025-06-18,"Chrono24 UAE (simulated — site uses JS rendering, data schema mirrors live listings)"
C24-UAE-1320,Cartier,Tank,REF-79391,4400.0,Unworn,1995,Dealer,Sharjah,2025-06-18,"Chrono24 UAE (simulated — site uses JS rendering, data schema mirrors live listings)"
C24-UAE-1321,Tag Heuer,Monaco,REF-33496,5700.0,Very Good,1995,Private Seller,Dubai,2025-06-18,"Chrono24 UAE (simulated — site uses JS rendering, data schema mirrors live listings)"
C24-UAE-1322,Seiko,Prospex,REF-56457,2300.0,Like New,2011,Dealer,Sharjah,2025-06-18,"Chrono24 UAE (simulated — site uses JS rendering, data schema mirrors live listings)"
C24-UAE-1323,Jaeger-LeCoultre,Master Ultra Thin,REF-39603,22800.0,Very Good,9999,Dealer,Sharjah,2025-06-18,"Chrono24 UAE (simulated — site uses JS rendering, data schema mirrors live listings)"
C24-UAE-1324,Cartier,Santos,REF-63120,3100.0,Fair,2015,Dealer,Ajman,2025-06-18,"Chrono24 UAE (simulated — site uses JS rendering, data schema mirrors live listings)"
C24-UAE-1325,IWC,Aquatimer,REF-75517,10600.0,Unworn,2010,Dealer,Ajman,2025-06-18,"Chrono24 UAE (simulated — site uses JS rendering, data schema mirrors live listings)"
C24-UAE-1326,Cartier,Tank,REF-15577,12300.0,Fair,2013,Private Seller,Abu Dhabi,2025-06-18,"Chrono24 UAE (simulated — site uses JS rendering, data schema mirrors live listings)"
C24-UAE-1327,Audemars Piguet,Royal Oak Concept,REF-99709,247300.0,Very Good,2023,Dealer,Sharjah,2025-06-18,"Chrono24 UAE (simulated — site uses JS rendering, data schema mirrors live listings)"
C24-UAE-1328,Seiko,Astron,REF-12052,2600.0,Good,2013,Dealer,Abu Dhabi,2025-06-18,"Chrono24 UAE (simulated — site uses JS rendering, data schema mirrors live listings)"
C24-UAE-1329,Panerai,Luminor Marina,REF-49226,25500.0,Good,2019,Private Seller,Abu Dhabi,2025-06-18,"Chrono24 UAE (simulated — site uses JS rendering, data schema mirrors live listings)"
C24-UAE-1330,Panerai,Luminor Marina,REF-53480,17200.0,Good,2013,Dealer,Ajman,2025-06-18,"Chrono24 UAE (simulated — site uses JS rendering, data schema mirrors live listings)"
C24-UAE-1331,Jaeger-LeCoultre,Polaris,REF-55332,7500.0,Good,1999,Private Seller,Dubai,2025-06-18,"Chrono24 UAE (simulated — site uses JS rendering, data schema mirrors live listings)"
C24-UAE-1332,Omega,De Ville,REF-88067,10600.0,Good,2002,Dealer,Ajman,2025-06-18,"Chrono24 UAE (simulated — site uses JS rendering, data schema mirrors live listings)"
C24-UAE-1333,Jaeger-LeCoultre,Master Ultra Thin,REF-39902,19500.0,Very Good,1995,Private Seller,Sharjah,2025-06-18,"Chrono24 UAE (simulated — site uses JS rendering, data schema mirrors live listings)"
C24-UAE-1334,Tag Heuer,Monaco,REF-91083,6000.0,Like New,2008,Dealer,Sharjah,2025-06-18,"Chrono24 UAE (simulated — site uses JS rendering, data schema mirrors live listings)"
C24-UAE-1335,Jaeger-LeCoultre,Reverso,REF-93086,26700.0,Unworn,2017,Dealer,Abu Dhabi,2025-06-18,"Chrono24 UAE (simulated — site uses JS rendering, data schema mirrors live listings)"
C24-UAE-1336,Vacheron Constantin,Patrimony,REF-68292,83900.0,Very Good,2005,Dealer,Sharjah,2025-06-18,"Chrono24 UAE (simulated — site uses JS rendering, data schema mirrors live listings)"
C24-UAE-1337,Jaeger-LeCoultre,Master Ultra Thin,REF-82710,22100.0,Like New,1998,Dealer,Ajman,2025-06-18,"Chrono24 UAE (simulated — site uses JS rendering, data schema mirrors live listings)"
C24-UAE-1338,Omega,Speedmaster Professional,311.30.42.30.01.005,10300.0,Very Good,1997,Dealer,Ajman,2025-06-18,"Chrono24 UAE (simulated — site uses JS rendering, data schema mirrors live listings)"
C24-UAE-1339,Rolex,Explorer II,REF-41816,96700.0,Very Good,2008,Dealer,Abu Dhabi,2025-06-18,"Chrono24 UAE (simulated — site uses JS rendering, data schema mirrors live listings)"
C24-UAE-1340,Cartier,Tank,REF-18292,13100.0,Like New,2000,Dealer,Abu Dhabi,2025-06-18,"Chrono24 UAE (simulated — site uses JS rendering, data schema mirrors live listings)"
C24-UAE-1341,IWC,Pilot Mark XVIII,REF-42321,14700.0,Like New,2008,Private Seller,Ajman,2025-06-18,"Chrono24 UAE (simulated — site uses JS rendering, data schema mirrors live listings)"
C24-UAE-1342,Panerai,Submersible,REF-61864,4500.0,Very Good,2001,Dealer,Sharjah,2025-06-18,"Chrono24 UAE (simulated — site uses JS rendering, data schema mirrors live listings)"
C24-UAE-1343,Tudor,Heritage Chrono,REF-95332,3800.0,Good,2007,Dealer,Abu Dhabi,2025-06-18,"Chrono24 UAE (simulated — site uses JS rendering, data schema mirrors live listings)"
C24-UAE-1344,Richard Mille,RM 035,REF-62198,120300.0,Fair,2014,Dealer,Sharjah,2025-06-18,"Chrono24 UAE (simulated — site uses JS rendering, data schema mirrors live listings)"
C24-UAE-1345,Richard Mille,RM 010,REF-61502,135100.0,Good,2013,Dealer,Sharjah,2025-06-18,"Chrono24 UAE (simulated — site uses JS rendering, data schema mirrors live listings)"
C24-UAE-1346,Omega,Planet Ocean,REF-82102,11300.0,Very Good,2001,Dealer,Dubai,2025-06-18,"Chrono24 UAE (simulated — site uses JS rendering, data schema mirrors live listings)"
C24-UAE-1347,Vacheron Constantin,Patrimony,REF-19064,110200.0,Like New,2017,Private Seller,Ajman,2025-06-18,"Chrono24 UAE (simulated — site uses JS rendering, data schema mirrors live listings)"
C24-UAE-1348,Cartier,Tank,REF-65460,14200.0,Very Good,1999,Dealer,Ajman,2025-06-18,"Chrono24 UAE (simulated — site uses JS rendering, data schema mirrors live listings)"
C24-UAE-1349,Omega,De Ville,REF-64827,9500.0,Very Good,2014,Dealer,Dubai,2025-06-18,"Chrono24 UAE (simulated — site uses JS rendering, data schema mirrors live listings)"
C24-UAE-1350,Jaeger-LeCoultre,Master Ultra Thin,REF-21138,27100.0,Good,2017,Dealer,Dubai,2025-06-18,"Chrono24 UAE (simulated — site uses JS rendering, data schema mirrors live listings)"
C24-UAE-1351,Jaeger-LeCoultre,Reverso,REF-83822,24700.0,Good,2016,Dealer,Ajman,2025-06-18,"Chrono24 UAE (simulated — site uses JS rendering, data schema mirrors live listings)"
C24-UAE-1352,Jaeger-LeCoultre,Master Ultra Thin,REF-76935,21300.0,Very Good,2020,Dealer,Abu Dhabi,2025-06-18,"Chrono24 UAE (simulated — site uses JS rendering, data schema mirrors live listings)"
C24-UAE-1353,Breitling,Superocean,REF-29758,13200.0,Very Good,2007,Private Seller,Sharjah,2025-06-18,"Chrono24 UAE (simulated — site uses JS rendering, data schema mirrors live listings)"
C24-UAE-1354,Rolex,Sky-Dweller,REF-28569,26800.0,Like New,1998,Private Seller,Sharjah,2025-06-18,"Chrono24 UAE (simulated — site uses JS rendering, data schema mirrors live listings)"
C24-UAE-1355,Richard Mille,RM 035,REF-22795,154200.0,Good,2009,Dealer,Ajman,2025-06-18,"Chrono24 UAE (simulated — site uses JS rendering, data schema mirrors live listings)"
C24-UAE-1356,Vacheron Constantin,Traditionnelle,REF-25084,84300.0,Like New,2009,Dealer,Dubai,2025-06-18,"Chrono24 UAE (simulated — site uses JS rendering, data schema mirrors live listings)"
C24-UAE-1357,Tudor,Pelagos,REF-41970,10600.0,Like New,2015,Private Seller,Abu Dhabi,2025-06-18,"Chrono24 UAE (simulated — site uses JS rendering, data schema mirrors live listings)"
C24-UAE-1358,Tag Heuer,Carrera,REF-63090,3900.0,Very Good,2005,Private Seller,Abu Dhabi,2025-06-18,"Chrono24 UAE (simulated — site uses JS rendering, data schema mirrors live listings)"
C24-UAE-1359,Patek Philippe,Complications 5396,REF-87621,133400.0,Unworn,2007,Dealer,Ajman,2025-06-18,"Chrono24 UAE (simulated — site uses JS rendering, data schema mirrors live listings)"
C24-UAE-1360,IWC,Portugieser Chronograph,REF-18200,29300.0,Like New,2017,Dealer,Dubai,2025-06-18,"Chrono24 UAE (simulated — site uses JS rendering, data schema mirrors live listings)"
C24-UAE-1361,Jaeger-LeCoultre,Polaris,REF-97910,9900.0,Very Good,2000,Dealer,Ajman,2025-06-18,"Chrono24 UAE (simulated — site uses JS rendering, data schema mirrors live listings)"
C24-UAE-1362,TAG HEUER,Aquaracer,REF-55603,7200.0,Very Good,2005,Dealer,Sharjah,2025-06-18,"Chrono24 UAE (simulated — site uses JS rendering, data schema mirrors live listings)"
C24-UAE-1363,Tudor,Pelagos,REF-90541,8800.0,Like New,2014,Private Seller,Dubai,2025-06-18,"Chrono24 UAE (simulated — site uses JS rendering, data schema mirrors live listings)"
C24-UAE-1364,Cartier,Santos,REF-28528,7400.0,Like New,2005,Dealer,Ajman,2025-06-18,"Chrono24 UAE (simulated — site uses JS rendering, data schema mirrors live listings)"
C24-UAE-1365,IWC,Aquatimer,REF-80435,15600.0,Very Good,1999,Dealer,Abu Dhabi,2025-06-18,"Chrono24 UAE (simulated — site uses JS rendering, data schema mirrors live listings)"
C24-UAE-1366,Tag Heuer,Carrera,REF-91187,10800.0,Like New,2010,Dealer,Dubai,2025-06-18,"Chrono24 UAE (simulated — site uses JS rendering, data schema mirrors live listings)"
C24-UAE-1367,Tudor,Pelagos,REF-83607,4700.0,Very Good,1995,Dealer,Ajman,2025-06-18,"Chrono24 UAE (simulated — site uses JS rendering, data schema mirrors live listings)"
C24-UAE-1368,IWC,Aquatimer,REF-20835,15600.0,Very Good,2010,Private Seller,Dubai,2025-06-18,"Chrono24 UAE (simulated — site uses JS rendering, data schema mirrors live listings)"
C24-UAE-1369,Jaeger-LeCoultre,Reverso,REF-69942,17700.0,Unworn,2004,Dealer,Ajman,2025-06-18,"Chrono24 UAE (simulated — site uses JS rendering, data schema mirrors live listings)"
C24-UAE-1370,Tag Heuer,Aquaracer,REF-58085,6800.0,Very Good,1998,Dealer,Dubai,2025-06-18,"Chrono24 UAE (simulated — site uses JS rendering, data schema mirrors live listings)"
C24-UAE-1371,Jaeger-LeCoultre,Polaris,REF-95678,,Very Good,2009,Private Seller,Abu Dhabi,2025-06-18,"Chrono24 UAE (simulated — site uses JS rendering, data schema mirrors live listings)"
C24-UAE-1372,Richard Mille,RM 011,REF-25386,107600.0,Like New,2009,Private Seller,Abu Dhabi,2025-06-18,"Chrono24 UAE (simulated — site uses JS rendering, data schema mirrors live listings)"
C24-UAE-1373,Audemars Piguet,Royal Oak Concept,REF-66120,151900.0,Good,2013,Private Seller,Abu Dhabi,2025-06-18,"Chrono24 UAE (simulated — site uses JS rendering, data schema mirrors live listings)"
C24-UAE-1374,Panerai,Luminor Marina,REF-55982,9400.0,Like New,2020,Dealer,Sharjah,2025-06-18,"Chrono24 UAE (simulated — site uses JS rendering, data schema mirrors live listings)"
C24-UAE-1375,Panerai,Submersible,REF-45041,10800.0,Like New,2000,Private Seller,Dubai,2025-06-18,"Chrono24 UAE (simulated — site uses JS rendering, data schema mirrors live listings)"
C24-UAE-1376,Patek Philippe,Complications 5396,REF-27392,297200.0,Unworn,2024,Dealer,Abu Dhabi,2025-06-18,"Chrono24 UAE (simulated — site uses JS rendering, data schema mirrors live listings)"
C24-UAE-1377,Patek Philippe,Calatrava,REF-28634,193500.0,Like New,2021,Private Seller,Sharjah,2025-06-18,"Chrono24 UAE (simulated — site uses JS rendering, data schema mirrors live listings)"
C24-UAE-1378,Cartier,Tank,REF-22202,17800.0,Very Good,2007,Dealer,Ajman,2025-06-18,"Chrono24 UAE (simulated — site uses JS rendering, data schema mirrors live listings)"
C24-UAE-1379,Tag Heuer,Aquaracer,REF-73968,5100.0,Good,2003,Private Seller,Sharjah,2025-06-18,"Chrono24 UAE (simulated — site uses JS rendering, data schema mirrors live listings)"
C24-UAE-1380,Panerai,Luminor Marina,REF-70089,24700.0,Good,2022,Private Seller,Sharjah,2025-06-18,"Chrono24 UAE (simulated — site uses JS rendering, data schema mirrors live listings)"
C24-UAE-1381,Tudor,Black Bay 58,REF-37767,,Very Good,2020,Dealer,Ajman,2025-06-18,"Chrono24 UAE (simulated — site uses JS rendering, data schema mirrors live listings)"
C24-UAE-1382,Richard Mille,RM 035,REF-73614,198400.0,Like New,2021,Dealer,Sharjah,2025-06-18,"Chrono24 UAE (simulated — site uses JS rendering, data schema mirrors live listings)"
C24-UAE-1383,Seiko,Astron,REF-70238,4900.0,Unworn,2019,Dealer,Dubai,2025-06-18,"Chrono24 UAE (simulated — site uses JS rendering, data schema mirrors live listings)"
C24-UAE-1384,Omega,Seamaster 300M,REF-27290,8100.0,Very Good,2009,Private Seller,Sharjah,2025-06-18,"Chrono24 UAE (simulated — site uses JS rendering, data schema mirrors live listings)"
C24-UAE-1385,Patek Philippe,Calatrava,REF-95054,139800.0,Good,1997,Dealer,Abu Dhabi,2025-06-18,"Chrono24 UAE (simulated — site uses JS rendering, data schema mirrors live listings)"
C24-UAE-1386,Rolex,Oyster Perpetual 41,REF-95915,41900.0,Like New,2015,Private Seller,Dubai,2025-06-18,"Chrono24 UAE (simulated — site uses JS rendering, data schema mirrors live listings)"
C24-UAE-1387,Vacheron Constantin,Overseas,REF-78084,66500.0,Like New,1995,Dealer,Ajman,2025-06-18,"Chrono24 UAE (simulated — site uses JS rendering, data schema mirrors live listings)"
C24-UAE-1388,Rolex,Submariner Date,126610LN,105800.0,Like New,2017,Dealer,Ajman,2025-06-18,"Chrono24 UAE (simulated — site uses JS rendering, data schema mirrors live listings)"
C24-UAE-1389,Omega,Seamaster 300M,REF-58177,4700.0,Unworn,2007,Private Seller,Sharjah,2025-06-18,"Chrono24 UAE (simulated — site uses JS rendering, data schema mirrors live listings)"
C24-UAE-1390,Patek Philippe,Complications 5396,REF-98753,208600.0,Good,2019,Private Seller,Abu Dhabi,2025-06-18,"Chrono24 UAE (simulated — site uses JS rendering, data schema mirrors live listings)"
C24-UAE-1391,Omega,Planet Ocean,REF-37925,9900.0,Unworn,2013,Private Seller,Abu Dhabi,2025-06-18,"Chrono24 UAE (simulated — site uses JS rendering, data schema mirrors live listings)"
C24-UAE-1392,Seiko,Presage,REF-23168,600.0,Good,2014,Private Seller,Abu Dhabi,2025-06-18,"Chrono24 UAE (simulated — site uses JS rendering, data schema mirrors live listings)"
C24-UAE-1393,Jaeger-LeCoultre,Reverso,REF-28327,16100.0,Good,2013,Dealer,Abu Dhabi,2025-06-18,"Chrono24 UAE (simulated — site uses JS rendering, data schema mirrors live listings)"
C24-UAE-1394,Richard Mille,RM 011,REF-13515,266500.0,Very Good,2002,Dealer,Sharjah,2025-06-18,"Chrono24 UAE (simulated — site uses JS rendering, data schema mirrors live listings)"
C24-UAE-1395,Audemars Piguet,Royal Oak Concept,REF-17152,109000.0,Very Good,2014,Private Seller,Abu Dhabi,2025-06-18,"Chrono24 UAE (simulated — site uses JS rendering, data schema mirrors live listings)"
C24-UAE-1396,Breitling,Superocean,REF-11581,5100.0,Like New,1998,Dealer,Sharjah,2025-06-18,"Chrono24 UAE (simulated — site uses JS rendering, data schema mirrors live listings)"
C24-UAE-1397,Seiko,Presage,REF-81612,1700.0,Very Good,1999,Private Seller,Abu Dhabi,2025-06-18,"Chrono24 UAE (simulated — site uses JS rendering, data schema mirrors live listings)"
C24-UAE-1398,Jaeger-LeCoultre,Master Ultra Thin,REF-38277,12000.0,Unworn,2019,Dealer,Dubai,2025-06-18,"Chrono24 UAE (simulated — site uses JS rendering, data schema mirrors live listings)"
C24-UAE-1399,Seiko,Prospex,REF-64451,4000.0,Very Good,2020,Dealer,Ajman,2025-06-18,"Chrono24 UAE (simulated — site uses JS rendering, data schema mirrors live listings)"
C24-UAE-1400,Vacheron Constantin,Patrimony,REF-20957,26500.0,Very Good,1997,Dealer,Sharjah,2025-06-18,"Chrono24 UAE (simulated — site uses JS rendering, data schema mirrors live listings)"
C24-UAE-1401,Omega,Planet Ocean,REF-61213,19800.0,Like New,2024,Private Seller,Dubai,2025-06-18,"Chrono24 UAE (simulated — site uses JS rendering, data schema mirrors live listings)"
C24-UAE-1402,Richard Mille,RM 010,REF-66948,136000.0,Fair,2018,Dealer,Dubai,2025-06-18,"Chrono24 UAE (simulated — site uses JS rendering, data schema mirrors live listings)"
C24-UAE-1403,Breitling,Chronomat,REF-33022,15900.0,Unworn,2014,Private Seller,Dubai,2025-06-18,"Chrono24 UAE (simulated — site uses JS rendering, data schema mirrors live listings)"
C24-UAE-1404,Rolex,GMT-Master II,126710BLRO,56000.0,Unworn,2017,Dealer,Sharjah,2025-06-18,"Chrono24 UAE (simulated — site uses JS rendering, data schema mirrors live listings)"
C24-UAE-1405,Patek Philippe,Calatrava,REF-25473,231900.0,Good,1999,Private Seller,Dubai,2025-06-18,"Chrono24 UAE (simulated — site uses JS rendering, data schema mirrors live listings)"
C24-UAE-1406,Hublot,Classic Fusion,REF-92251,64600.0,Very Good,2003,Dealer,Dubai,2025-06-18,"Chrono24 UAE (simulated — site uses JS rendering, data schema mirrors live listings)"
C24-UAE-1407,Breitling,Superocean,REF-58193,11500.0,Very Good,2011,Dealer,Abu Dhabi,2025-06-18,"Chrono24 UAE (simulated — site uses JS rendering, data schema mirrors live listings)"
C24-UAE-1408,Richard Mille,RM 011,REF-76692,248800.0,Very Good,2023,Private Seller,Dubai,2025-06-18,"Chrono24 UAE (simulated — site uses JS rendering, data schema mirrors live listings)"
C24-UAE-1409,Rolex,Submariner Date,126610LN,117500.0,Unworn,2002,Dealer,Dubai,2025-06-18,"Chrono24 UAE (simulated — site uses JS rendering, data schema mirrors live listings)"
C24-UAE-1410,Tag Heuer,Aquaracer,REF-51934,4700.0,Good,2018,Dealer,Sharjah,2025-06-18,"Chrono24 UAE (simulated — site uses JS rendering, data schema mirrors live listings)"
C24-UAE-1411,Tudor,Black Bay 58,REF-33507,8200.0,Very Good,2013,Dealer,Abu Dhabi,2025-06-18,"Chrono24 UAE (simulated — site uses JS rendering, data schema mirrors live listings)"
C24-UAE-1412,Jaeger-LeCoultre,Polaris,REF-47002,13600.0,Fair,1996,Dealer,Sharjah,2025-06-18,"Chrono24 UAE (simulated — site uses JS rendering, data schema mirrors live listings)"
C24-UAE-1413,Hublot,Big Bang,411.CM.1180.RX,24900.0,Very Good,2012,Dealer,Abu Dhabi,2025-06-18,"Chrono24 UAE (simulated — site uses JS rendering, data schema mirrors live listings)"
C24-UAE-1414,Breitling,Superocean,REF-81638,9800.0,Fair,2013,Private Seller,Abu Dhabi,2025-06-18,"Chrono24 UAE (simulated — site uses JS rendering, data schema mirrors live listings)"
C24-UAE-1415,Patek Philippe,Nautilus 5711,5711/1A-010,156400.0,Very Good,2024,Dealer,Sharjah,2025-06-18,"Chrono24 UAE (simulated — site uses JS rendering, data schema mirrors live listings)"
C24-UAE-1416,Rolex,Oyster Perpetual 41,REF-41217,29200.0,Good,2022,Dealer,Ajman,2025-06-18,"Chrono24 UAE (simulated — site uses JS rendering, data schema mirrors live listings)"
C24-UAE-1417,Breitling,Navitimer,REF-78125,14100.0,Good,1999,Dealer,Ajman,2025-06-18,"Chrono24 UAE (simulated — site uses JS rendering, data schema mirrors live listings)"
C24-UAE-1418,Vacheron Constantin,Patrimony,REF-27499,15200.0,Fair,2009,Dealer,Ajman,2025-06-18,"Chrono24 UAE (simulated — site uses JS rendering, data schema mirrors live listings)"
C24-UAE-1419,Omega,Planet Ocean,REF-48230,5100.0,Unworn,2013,Private Seller,Sharjah,2025-06-18,"Chrono24 UAE (simulated — site uses JS rendering, data schema mirrors live listings)"
C24-UAE-1420,Tudor,Pelagos,REF-51688,11100.0,Good,2024,Private Seller,Ajman,2025-06-18,"Chrono24 UAE (simulated — site uses JS rendering, data schema mirrors live listings)"
C24-UAE-1421,Richard Mille,RM 055,REF-24283,218300.0,Fair,1997,Dealer,Abu Dhabi,2025-06-18,"Chrono24 UAE (simulated — site uses JS rendering, data schema mirrors live listings)"
C24-UAE-1422,Omega,Seamaster 300M,REF-37215,9500.0,Very Good,2009,Dealer,Ajman,2025-06-18,"Chrono24 UAE (simulated — site uses JS rendering, data schema mirrors live listings)"
C24-UAE-1423,Richard Mille,RM 010,REF-49874,283400.0,Good,2003,Dealer,Dubai,2025-06-18,"Chrono24 UAE (simulated — site uses JS rendering, data schema mirrors live listings)"
C24-UAE-1424,Audemars Piguet,Royal Oak Offshore,REF-77300,145900.0,Unworn,1999,Dealer,Dubai,2025-06-18,"Chrono24 UAE (simulated — site uses JS rendering, data schema mirrors live listings)"
C24-UAE-1425,Cartier,Tank,REF-69270,16200.0,Good,2003,Dealer,Abu Dhabi,2025-06-18,"Chrono24 UAE (simulated — site uses JS rendering, data schema mirrors live listings)"
C24-UAE-1426,Omega,De Ville,REF-39135,2400.0,Good,1998,Dealer,Abu Dhabi,2025-06-18,"Chrono24 UAE (simulated — site uses JS rendering, data schema mirrors live listings)"
C24-UAE-1427,Audemars Piguet,Royal Oak Offshore,REF-86823,53300.0,Good,2006,Private Seller,Sharjah,2025-06-18,"Chrono24 UAE (simulated — site uses JS rendering, data schema mirrors live listings)"
C24-UAE-1428,Seiko,Prospex,REF-26880,1600.0,Fair,1995,Dealer,Dubai,2025-06-18,"Chrono24 UAE (simulated — site uses JS rendering, data schema mirrors live listings)"
C24-UAE-1429,Seiko,Presage,REF-85220,1100.0,Unworn,1998,Dealer,Ajman,2025-06-18,"Chrono24 UAE (simulated — site uses JS rendering, data schema mirrors live listings)"
C24-UAE-1430,Tudor,Heritage Chrono,REF-56392,5000.0,Very Good,2007,Dealer,Abu Dhabi,2025-06-18,"Chrono24 UAE (simulated — site uses JS rendering, data schema mirrors live listings)"
C24-UAE-1431,Seiko,Prospex,REF-91156,500.0,Like New,2003,Private Seller,Abu Dhabi,2025-06-18,"Chrono24 UAE (simulated — site uses JS rendering, data schema mirrors live listings)"
C24-UAE-1432,Cartier,Tank,REF-46670,4500.0,Very Good,2010,Dealer,Ajman,2025-06-18,"Chrono24 UAE (simulated — site uses JS rendering, data schema mirrors live listings)"
C24-UAE-1433,Patek Philippe,Complications 5396,REF-81258,127300.0,Very Good,2001,Private Seller,Dubai,2025-06-18,"Chrono24 UAE (simulated — site uses JS rendering, data schema mirrors live listings)"
C24-UAE-1434,IWC,Aquatimer,REF-84141,12500.0,Very Good,2006,Private Seller,Sharjah,2025-06-18,"Chrono24 UAE (simulated — site uses JS rendering, data schema mirrors live listings)"
C24-UAE-1435,IWC,Pilot Mark XVIII,REF-46822,7000.0,Unworn,2000,Dealer,Dubai,2025-06-18,"Chrono24 UAE (simulated — site uses JS rendering, data schema mirrors live listings)"
C24-UAE-1436,Jaeger-LeCoultre,Master Ultra Thin,REF-30922,13300.0,Very Good,2011,Dealer,Dubai,2025-06-18,"Chrono24 UAE (simulated — site uses JS rendering, data schema mirrors live listings)"
C24-UAE-1437,Audemars Piguet,Royal Oak Concept,REF-17328,279300.0,Like New,2002,Private Seller,Abu Dhabi,2025-06-18,"Chrono24 UAE (simulated — site uses JS rendering, data schema mirrors live listings)"
C24-UAE-1438,Panerai,Radiomir,REF-41005,5100.0,Fair,2006,Private Seller,Sharjah,2025-06-18,"Chrono24 UAE (simulated — site uses JS rendering, data schema mirrors live listings)"
C24-UAE-1439,Jaeger-LeCoultre,Polaris,REF-56095,34200.0,Very Good,2017,Dealer,Abu Dhabi,2025-06-18,"Chrono24 UAE (simulated — site uses JS rendering, data schema mirrors live listings)"
C24-UAE-1440,Panerai,Luminor Marina,REF-50508,14300.0,Fair,2021,Private Seller,Abu Dhabi,2025-06-18,"Chrono24 UAE (simulated — site uses JS rendering, data schema mirrors live listings)"
C24-UAE-1441,Breitling,Navitimer,REF-72650,4500.0,Unworn,1997,Dealer,Dubai,2025-06-18,"Chrono24 UAE (simulated — site uses JS rendering, data schema mirrors live listings)"
C24-UAE-1442,Hublot,Spirit of Big Bang,REF-52413,15500.0,Good,2001,Dealer,Dubai,2025-06-18,"Chrono24 UAE (simulated — site uses JS rendering, data schema mirrors live listings)"
C24-UAE-1443,Rolex,GMT-Master II,126710BLRO,22000.0,Good,2013,Dealer,Sharjah,2025-06-18,"Chrono24 UAE (simulated — site uses JS rendering, data schema mirrors live listings)"
C24-UAE-1444,Omega,Constellation,REF-49552,3400.0,Fair,2017,Dealer,Sharjah,2025-06-18,"Chrono24 UAE (simulated — site uses JS rendering, data schema mirrors live listings)"
C24-UAE-1445,Patek Philippe,Aquanaut 5167,REF-95089,232000.0,Fair,2018,Private Seller,Sharjah,2025-06-18,"Chrono24 UAE (simulated — site uses JS rendering, data schema mirrors live listings)"
C24-UAE-1446,Patek Philippe,Calatrava,REF-48602,141500.0,Good,2002,Private Seller,Abu Dhabi,2025-06-18,"Chrono24 UAE (simulated — site uses JS rendering, data schema mirrors live listings)"
C24-UAE-1447,Patek Philippe,Nautilus 5711,5711/1A-010,238800.0,Fair,2017,Dealer,Dubai,2025-06-18,"Chrono24 UAE (simulated — site uses JS rendering, data schema mirrors live listings)"
C24-UAE-1448,Patek Philippe,Calatrava,REF-23645,208100.0,Good,2024,Dealer,Ajman,2025-06-18,"Chrono24 UAE (simulated — site uses JS rendering, data schema mirrors live listings)"
C24-UAE-1449,Patek Philippe,Calatrava,REF-93386,177100.0,Unworn,2018,Dealer,Dubai,2025-06-18,"Chrono24 UAE (simulated — site uses JS rendering, data schema mirrors live listings)"
C24-UAE-1450,Tudor,Heritage Chrono,REF-44761,6200.0,Very Good,2016,Private Seller,Abu Dhabi,2025-06-18,"Chrono24 UAE (simulated — site uses JS rendering, data schema mirrors live listings)"
C24-UAE-1451,Audemars Piguet,Royal Oak Concept,REF-16310,202500.0,Very Good,1997,Private Seller,Ajman,2025-06-18,"Chrono24 UAE (simulated — site uses JS rendering, data schema mirrors live listings)"
C24-UAE-1452,Breitling,Chronomat,REF-59638,7100.0,Fair,2008,Private Seller,Sharjah,2025-06-18,"Chrono24 UAE (simulated — site uses JS rendering, data schema mirrors live listings)"
C24-UAE-1453,Tag Heuer,Monaco,REF-39567,6100.0,Good,1998,Private Seller,Abu Dhabi,2025-06-18,"Chrono24 UAE (simulated — site uses JS rendering, data schema mirrors live listings)"
C24-UAE-1454,Breitling,Navitimer,REF-23726,10400.0,Good,2020,Dealer,Dubai,2025-06-18,"Chrono24 UAE (simulated — site uses JS rendering, data schema mirrors live listings)"
C24-UAE-1455,Hublot,Big Bang,411.CM.1180.RX,69900.0,Very Good,2023,Private Seller,Sharjah,2025-06-18,"Chrono24 UAE (simulated — site uses JS rendering, data schema mirrors live listings)"
C24-UAE-1456,Panerai,Submersible,REF-31626,36900.0,Very Good,2023,Dealer,Ajman,2025-06-18,"Chrono24 UAE (simulated — site uses JS rendering, data schema mirrors live listings)"
C24-UAE-1457,Patek Philippe,Nautilus 5711,5711/1A-010,199200.0,Like New,1998,Private Seller,Sharjah,2025-06-18,"Chrono24 UAE (simulated — site uses JS rendering, data schema mirrors live listings)"
C24-UAE-1458,Cartier,Tank,REF-74349,14600.0,Like New,2004,Dealer,Abu Dhabi,2025-06-18,"Chrono24 UAE (simulated — site uses JS rendering, data schema mirrors live listings)"
C24-UAE-1459,Rolex,Daytona,REF-88671,75300.0,Very Good,1995,Dealer,Ajman,2025-06-18,"Chrono24 UAE (simulated — site uses JS rendering, data schema mirrors live listings)"
C24-UAE-1460,Audemars Piguet,Royal Oak 15400,15400ST.OO.1220ST.01,294300.0,Like New,1995,Dealer,Dubai,2025-06-18,"Chrono24 UAE (simulated — site uses JS rendering, data schema mirrors live listings)"
C24-UAE-1461,Richard Mille,RM 010,REF-81319,96100.0,Very Good,2010,Private Seller,Ajman,2025-06-18,"Chrono24 UAE (simulated — site uses JS rendering, data schema mirrors live listings)"
C24-UAE-1462,Patek Philippe,Calatrava,REF-67637,66100.0,Very Good,2023,Dealer,Ajman,2025-06-18,"Chrono24 UAE (simulated — site uses JS rendering, data schema mirrors live listings)"
C24-UAE-1463,Richard Mille,RM 055,REF-97486,571300.0,Like New,2021,Dealer,Dubai,2025-06-18,"Chrono24 UAE (simulated — site uses JS rendering, data schema mirrors live listings)"
C24-UAE-1464,Omega,Constellation,REF-82561,15500.0,Very Good,2020,Private Seller,Dubai,2025-06-18,"Chrono24 UAE (simulated — site uses JS rendering, data schema mirrors live listings)"
C24-UAE-1465,Tudor,Pelagos,REF-72236,10800.0,Very Good,2021,Private Seller,Abu Dhabi,2025-06-18,"Chrono24 UAE (simulated — site uses JS rendering, data schema mirrors live listings)"
C24-UAE-1466,Breitling,Superocean,REF-84870,4000.0,Very Good,1997,Private Seller,Abu Dhabi,2025-06-18,"Chrono24 UAE (simulated — site uses JS rendering, data schema mirrors live listings)"
C24-UAE-1467,Omega,De Ville,REF-35260,3600.0,Fair,2000,Dealer,Abu Dhabi,2025-06-18,"Chrono24 UAE (simulated — site uses JS rendering, data schema mirrors live listings)"
C24-UAE-1468,Rolex,Oyster Perpetual 41,REF-92211,71800.0,Fair,1997,Dealer,Abu Dhabi,2025-06-18,"Chrono24 UAE (simulated — site uses JS rendering, data schema mirrors live listings)"
C24-UAE-1469,Tudor,Heritage Chrono,REF-21406,8600.0,Like New,2003,Private Seller,Ajman,2025-06-18,"Chrono24 UAE (simulated — site uses JS rendering, data schema mirrors live listings)"
C24-UAE-1470,Tag Heuer,Monaco,REF-11620,6800.0,Like New,2012,Dealer,Ajman,2025-06-18,"Chrono24 UAE (simulated — site uses JS rendering, data schema mirrors live listings)"
C24-UAE-1471,Omega,De Ville,REF-23133,14000.0,Like New,1999,Dealer,Dubai,2025-06-18,"Chrono24 UAE (simulated — site uses JS rendering, data schema mirrors live listings)"
C24-UAE-1472,Panerai,Luminor Marina,REF-63856,18100.0,Like New,2020,Dealer,Sharjah,2025-06-18,"Chrono24 UAE (simulated — site uses JS rendering, data schema mirrors live listings)"
C24-UAE-1473,IWC,Aquatimer,REF-62818,8900.0,Very Good,2010,Dealer,Abu Dhabi,2025-06-18,"Chrono24 UAE (simulated — site uses JS rendering, data schema mirrors live listings)"
C24-UAE-1474,Panerai,Submersible,REF-53449,20500.0,Good,2016,Dealer,Abu Dhabi,2025-06-18,"Chrono24 UAE (simulated — site uses JS rendering, data schema mirrors live listings)"
C24-UAE-1475,Rolex,Sky-Dweller,REF-49722,52500.0,Like New,2024,Dealer,Sharjah,2025-06-18,"Chrono24 UAE (simulated — site uses JS rendering, data schema mirrors live listings)"
C24-UAE-1476,Richard Mille,RM 010,REF-27614,505100.0,Good,2022,Dealer,Sharjah,2025-06-18,"Chrono24 UAE (simulated — site uses JS rendering, data schema mirrors live listings)"
C24-UAE-1477,Vacheron Constantin,Patrimony,REF-94614,56000.0,Good,2019,Dealer,Dubai,2025-06-18,"Chrono24 UAE (simulated — site uses JS rendering, data schema mirrors live listings)"
C24-UAE-1478,Audemars Piguet,Royal Oak Offshore,REF-77698,102700.0,Fair,2001,Dealer,Sharjah,2025-06-18,"Chrono24 UAE (simulated — site uses JS rendering, data schema mirrors live listings)"
C24-UAE-1479,Tudor,Black Bay 58,REF-62872,5900.0,Good,2011,Dealer,Abu Dhabi,2025-06-18,"Chrono24 UAE (simulated — site uses JS rendering, data schema mirrors live listings)"
C24-UAE-1480,Jaeger-LeCoultre,Polaris,REF-36309,55700.0,Very Good,2023,Dealer,Dubai,2025-06-18,"Chrono24 UAE (simulated — site uses JS rendering, data schema mirrors live listings)"
C24-UAE-1481,Audemars Piguet,Royal Oak 15400,15400ST.OO.1220ST.01,104800.0,Unworn,2009,Dealer,Ajman,2025-06-18,"Chrono24 UAE (simulated — site uses JS rendering, data schema mirrors live listings)"
C24-UAE-1482,TAG HEUER,Monaco,REF-74066,3100.0,Fair,2015,Private Seller,Ajman,2025-06-18,"Chrono24 UAE (simulated — site uses JS rendering, data schema mirrors live listings)"
C24-UAE-1483,Patek Philippe,Complications 5396,REF-43903,303400.0,Very Good,2013,Dealer,Dubai,2025-06-18,"Chrono24 UAE (simulated — site uses JS rendering, data schema mirrors live listings)"
C24-UAE-1484,Richard Mille,RM 011,REF-38091,385800.0,Unworn,2007,Private Seller,Abu Dhabi,2025-06-18,"Chrono24 UAE (simulated — site uses JS rendering, data schema mirrors live listings)"
C24-UAE-1485,Cartier,Santos,REF-99417,16200.0,Like New,2016,Private Seller,Dubai,2025-06-18,"Chrono24 UAE (simulated — site uses JS rendering, data schema mirrors live listings)"
C24-UAE-1486,Breitling,Navitimer,REF-89736,8500.0,Like New,2015,Private Seller,Sharjah,2025-06-18,"Chrono24 UAE (simulated — site uses JS rendering, data schema mirrors live listings)"
C24-UAE-1487,Vacheron Constantin,Traditionnelle,REF-70161,98300.0,Like New,2015,Private Seller,Sharjah,2025-06-18,"Chrono24 UAE (simulated — site uses JS rendering, data schema mirrors live listings)"
C24-UAE-1488,Audemars Piguet,Royal Oak Offshore,REF-23410,112000.0,Good,2004,Private Seller,Dubai,2025-06-18,"Chrono24 UAE (simulated — site uses JS rendering, data schema mirrors live listings)"
C24-UAE-1489,Tag Heuer,Aquaracer,REF-47051,9900.0,Good,2021,Dealer,Sharjah,2025-06-18,"Chrono24 UAE (simulated — site uses JS rendering, data schema mirrors live listings)"
C24-UAE-1490,Cartier,Santos,REF-46291,16600.0,Unworn,2010,Private Seller,Sharjah,2025-06-18,"Chrono24 UAE (simulated — site uses JS rendering, data schema mirrors live listings)"
C24-UAE-1491,Cartier,Ballon Bleu,REF-41496,17900.0,Good,2023,Dealer,Dubai,2025-06-18,"Chrono24 UAE (simulated — site uses JS rendering, data schema mirrors live listings)"
C24-UAE-1492,Jaeger-LeCoultre,Polaris,REF-95904,23200.0,Good,2007,Private Seller,Ajman,2025-06-18,"Chrono24 UAE (simulated — site uses JS rendering, data schema mirrors live listings)"
C24-UAE-1493,Richard Mille,RM 035,REF-84978,142900.0,Very Good,2024,Dealer,Abu Dhabi,2025-06-18,"Chrono24 UAE (simulated — site uses JS rendering, data schema mirrors live listings)"
C24-UAE-1494,Hublot,Spirit of Big Bang,REF-98063,,Like New,2017,Dealer,Sharjah,2025-06-18,"Chrono24 UAE (simulated — site uses JS rendering, data schema mirrors live listings)"
C24-UAE-1495,Tag Heuer,Monaco,REF-48506,13200.0,Like New,2022,Private Seller,Dubai,2025-06-18,"Chrono24 UAE (simulated — site uses JS rendering, data schema mirrors live listings)"
C24-UAE-1496,Breitling,Navitimer,REF-33995,22000.0,Like New,2018,Private Seller,Sharjah,2025-06-18,"Chrono24 UAE (simulated — site uses JS rendering, data schema mirrors live listings)"
C24-UAE-1497,Cartier,Santos,REF-53426,8500.0,Very Good,2002,Private Seller,Sharjah,2025-06-18,"Chrono24 UAE (simulated — site uses JS rendering, data schema mirrors live listings)"
C24-UAE-1498,Richard Mille,RM 035,REF-86490,299900.0,Good,2009,Dealer,Dubai,2025-06-18,"Chrono24 UAE (simulated — site uses JS rendering, data schema mirrors live listings)"
C24-UAE-1499,Breitling,Navitimer,REF-64146,12500.0,Like New,2011,Private Seller,Dubai,2025-06-18,"Chrono24 UAE (simulated — site uses JS rendering, data schema mirrors live listings)"
C24-UAE-1500,Tudor,Black Bay 58,REF-69974,5900.0,Fair,1999,Dealer,Abu Dhabi,2025-06-18,"Chrono24 UAE (simulated — site uses JS rendering, data schema mirrors live listings)"
C24-UAE-1501,Hublot,Spirit of Big Bang,REF-33176,38000.0,Good,2000,Dealer,Sharjah,2025-06-18,"Chrono24 UAE (simulated — site uses JS rendering, data schema mirrors live listings)"
C24-UAE-1502,Cartier,Santos,REF-85534,16100.0,Very Good,1995,Dealer,Abu Dhabi,2025-06-18,"Chrono24 UAE (simulated — site uses JS rendering, data schema mirrors live listings)"
C24-UAE-1503,Breitling,Navitimer,REF-72573,9200.0,Very Good,1999,Dealer,Ajman,2025-06-18,"Chrono24 UAE (simulated — site uses JS rendering, data schema mirrors live listings)"
C24-UAE-1504,Rolex,Submariner Date,126610LN,19400.0,Like New,2012,Dealer,Abu Dhabi,2025-06-18,"Chrono24 UAE (simulated — site uses JS rendering, data schema mirrors live listings)"
C24-UAE-1505,Rolex,Submariner Date,126610LN,80600.0,Good,2015,Dealer,Abu Dhabi,2025-06-18,"Chrono24 UAE (simulated — site uses JS rendering, data schema mirrors live listings)"
C24-UAE-1506,Omega,De Ville,REF-49085,13200.0,Very Good,2011,Dealer,Sharjah,2025-06-18,"Chrono24 UAE (simulated — site uses JS rendering, data schema mirrors live listings)"
C24-UAE-1507,Breitling,Chronomat,REF-27536,16000.0,Very Good,2011,Dealer,Sharjah,2025-06-18,"Chrono24 UAE (simulated — site uses JS rendering, data schema mirrors live listings)"
C24-UAE-1508,Seiko,Presage,REF-62873,,Good,2006,Dealer,Dubai,2025-06-18,"Chrono24 UAE (simulated — site uses JS rendering, data schema mirrors live listings)"
C24-UAE-1509,Audemars Piguet,Royal Oak 15400,15400ST.OO.1220ST.01,33300.0,Fair,2018,Dealer,Abu Dhabi,2025-06-18,"Chrono24 UAE (simulated — site uses JS rendering, data schema mirrors live listings)"
C24-UAE-1510,Omega,Constellation,REF-43526,15100.0,Good,2017,Dealer,Dubai,2025-06-18,"Chrono24 UAE (simulated — site uses JS rendering, data schema mirrors live listings)"
C24-UAE-1511,Panerai,Luminor Marina,REF-25176,7200.0,Like New,2016,Private Seller,Ajman,2025-06-18,"Chrono24 UAE (simulated — site uses JS rendering, data schema mirrors live listings)"
C24-UAE-1512,Breitling,Superocean,REF-99881,5700.0,Very Good,1998,Dealer,Dubai,2025-06-18,"Chrono24 UAE (simulated — site uses JS rendering, data schema mirrors live listings)"
C24-UAE-1513,RICHARD MILLE,RM 010,REF-27978,370300.0,Like New,2016,Dealer,Ajman,2025-06-18,"Chrono24 UAE (simulated — site uses JS rendering, data schema mirrors live listings)"
C24-UAE-1514,Tudor,Black Bay 58,REF-23928,2500.0,Good,2011,Dealer,Ajman,2025-06-18,"Chrono24 UAE (simulated — site uses JS rendering, data schema mirrors live listings)"
C24-UAE-1515,Audemars Piguet,Royal Oak Concept,REF-56913,220000.0,Good,2001,Private Seller,Ajman,2025-06-18,"Chrono24 UAE (simulated — site uses JS rendering, data schema mirrors live listings)"
C24-UAE-1516,Richard Mille,RM 055,REF-73001,293100.0,Very Good,1996,Private Seller,Sharjah,2025-06-18,"Chrono24 UAE (simulated — site uses JS rendering, data schema mirrors live listings)"
C24-UAE-1517,Audemars Piguet,Royal Oak 15400,15400ST.OO.1220ST.01,194100.0,Good,1995,Private Seller,Ajman,2025-06-18,"Chrono24 UAE (simulated — site uses JS rendering, data schema mirrors live listings)"
C24-UAE-1518,Patek Philippe,Nautilus 5711,5711/1A-010,83100.0,Very Good,2019,Private Seller,Abu Dhabi,2025-06-18,"Chrono24 UAE (simulated — site uses JS rendering, data schema mirrors live listings)"
C24-UAE-1519,Breitling,Superocean,REF-15170,6000.0,Very Good,2003,Dealer,Sharjah,2025-06-18,"Chrono24 UAE (simulated — site uses JS rendering, data schema mirrors live listings)"
C24-UAE-1015,IWC,Pilot Mark XVIII,REF-11504,18300.0,Fair,2014,Dealer,Dubai,2025-06-18,"Chrono24 UAE (simulated — site uses JS rendering, data schema mirrors live listings)"
C24-UAE-1461,Richard Mille,RM 010,REF-81319,96100.0,Very Good,2010,Private Seller,Ajman,2025-06-18,"Chrono24 UAE (simulated — site uses JS rendering, data schema mirrors live listings)"
C24-UAE-1448,Patek Philippe,Calatrava,REF-23645,208100.0,Good,2024,Dealer,Ajman,2025-06-18,"Chrono24 UAE (simulated — site uses JS rendering, data schema mirrors live listings)"
C24-UAE-1031,Rolex,Submariner Date,126610LN,21000.0,Fair,1997,Private Seller,Ajman,2025-06-18,"Chrono24 UAE (simulated — site uses JS rendering, data schema mirrors live listings)"
C24-UAE-1127,Breitling,Superocean,REF-53065,4700.0,Very Good,2005,Dealer,Ajman,2025-06-18,"Chrono24 UAE (simulated — site uses JS rendering, data schema mirrors live listings)"
C24-UAE-1124,Rolex,Daytona,REF-96991,50100.0,Very Good,2018,Private Seller,Abu Dhabi,2025-06-18,"Chrono24 UAE (simulated — site uses JS rendering, data schema mirrors live listings)"
C24-UAE-1187,Tudor,Heritage Chrono,REF-49691,5800.0,Like New,2005,Dealer,Sharjah,2025-06-18,"Chrono24 UAE (simulated — site uses JS rendering, data schema mirrors live listings)"
C24-UAE-1123,Breitling,Superocean,REF-40613,22100.0,Like New,2022,Private Seller,Ajman,2025-06-18,"Chrono24 UAE (simulated — site uses JS rendering, data schema mirrors live listings)"
C24-UAE-1076,Panerai,Submersible,REF-70515,9700.0,Unworn,2016,Dealer,Abu Dhabi,2025-06-18,"Chrono24 UAE (simulated — site uses JS rendering, data schema mirrors live listings)"
C24-UAE-1379,Tag Heuer,Aquaracer,REF-73968,5100.0,Good,2003,Private Seller,Sharjah,2025-06-18,"Chrono24 UAE (simulated — site uses JS rendering, data schema mirrors live listings)"
C24-UAE-1373,Audemars Piguet,Royal Oak Concept,REF-66120,151900.0,Good,2013,Private Seller,Abu Dhabi,2025-06-18,"Chrono24 UAE (simulated — site uses JS rendering, data schema mirrors live listings)"
C24-UAE-1070,Omega,Constellation,REF-28136,10800.0,Like New,2002,Dealer,Abu Dhabi,2025-06-18,"Chrono24 UAE (simulated — site uses JS rendering, data schema mirrors live listings)"
C24-UAE-1152,Tag Heuer,Aquaracer,REF-69600,12800.0,Unworn,2006,Dealer,Dubai,2025-06-18,"Chrono24 UAE (simulated — site uses JS rendering, data schema mirrors live listings)"
C24-UAE-1101,Panerai,Submersible,REF-68028,16900.0,Very Good,2020,Private Seller,Sharjah,2025-06-18,"Chrono24 UAE (simulated — site uses JS rendering, data schema mirrors live listings)"
C24-UAE-1160,Rolex,Sky-Dweller,REF-68138,59800.0,Very Good,2022,Private Seller,Dubai,2025-06-18,"Chrono24 UAE (simulated — site uses JS rendering, data schema mirrors live listings)"
